database,report_round,year_quarter,report_n,core_anaphylaxis_n,core_anaphylaxis_percent,purpose
JADER,01,2004・第一,2030,113,5.566502463054187,Source-structure density audit; not a time-trend or incidence analysis.
JADER,02,2004・第一,3148,99,3.144853875476493,Source-structure density audit; not a time-trend or incidence analysis.
JADER,03,2004・第一,615,12,1.951219512195122,Source-structure density audit; not a time-trend or incidence analysis.
JADER,04,2004・第一,129,1,0.7751937984496124,Source-structure density audit; not a time-trend or incidence analysis.
JADER,05,2004・第一,27,0,0.0,Source-structure density audit; not a time-trend or incidence analysis.
JADER,06,2004・第一,8,0,0.0,Source-structure density audit; not a time-trend or incidence analysis.
JADER,07,2004・第一,3,0,0.0,Source-structure density audit; not a time-trend or incidence analysis.
JADER,08,2004・第一,1,0,0.0,Source-structure density audit; not a time-trend or incidence analysis.
JADER,09,2004・第一,1,0,0.0,Source-structure density audit; not a time-trend or incidence analysis.
JADER,15,2004・第一,1,0,0.0,Source-structure density audit; not a time-trend or incidence analysis.
JADER,01,2004・第三,2031,135,6.646971935007386,Source-structure density audit; not a time-trend or incidence analysis.
JADER,02,2004・第三,3424,136,3.97196261682243,Source-structure density audit; not a time-trend or incidence analysis.
JADER,03,2004・第三,662,15,2.2658610271903323,Source-structure density audit; not a time-trend or incidence analysis.
JADER,04,2004・第三,160,3,1.875,Source-structure density audit; not a time-trend or incidence analysis.
JADER,05,2004・第三,45,1,2.2222222222222223,Source-structure density audit; not a time-trend or incidence analysis.
JADER,06,2004・第三,13,0,0.0,Source-structure density audit; not a time-trend or incidence analysis.
JADER,07,2004・第三,3,0,0.0,Source-structure density audit; not a time-trend or incidence analysis.
JADER,08,2004・第三,2,0,0.0,Source-structure density audit; not a time-trend or incidence analysis.
JADER,09,2004・第三,1,0,0.0,Source-structure density audit; not a time-trend or incidence analysis.
JADER,01,2004・第二,2081,114,5.478135511773186,Source-structure density audit; not a time-trend or incidence analysis.
JADER,02,2004・第二,3337,122,3.6559784237338926,Source-structure density audit; not a time-trend or incidence analysis.
JADER,03,2004・第二,643,7,1.088646967340591,Source-structure density audit; not a time-trend or incidence analysis.
JADER,04,2004・第二,122,1,0.819672131147541,Source-structure density audit; not a time-trend or incidence analysis.
JADER,05,2004・第二,41,0,0.0,Source-structure density audit; not a time-trend or incidence analysis.
JADER,06,2004・第二,6,0,0.0,Source-structure density audit; not a time-trend or incidence analysis.
JADER,07,2004・第二,10,0,0.0,Source-structure density audit; not a time-trend or incidence analysis.
JADER,08,2004・第二,1,0,0.0,Source-structure density audit; not a time-trend or incidence analysis.
JADER,09,2004・第二,1,0,0.0,Source-structure density audit; not a time-trend or incidence analysis.
JADER,10,2004・第二,2,0,0.0,Source-structure density audit; not a time-trend or incidence analysis.
JADER,01,2004・第四,2004,103,5.139720558882235,Source-structure density audit; not a time-trend or incidence analysis.
JADER,02,2004・第四,2977,116,3.896540141081626,Source-structure density audit; not a time-trend or incidence analysis.
JADER,03,2004・第四,683,8,1.171303074670571,Source-structure density audit; not a time-trend or incidence analysis.
JADER,04,2004・第四,139,3,2.158273381294964,Source-structure density audit; not a time-trend or incidence analysis.
JADER,05,2004・第四,36,0,0.0,Source-structure density audit; not a time-trend or incidence analysis.
JADER,06,2004・第四,8,0,0.0,Source-structure density audit; not a time-trend or incidence analysis.
JADER,07,2004・第四,6,0,0.0,Source-structure density audit; not a time-trend or incidence analysis.
JADER,08,2004・第四,1,0,0.0,Source-structure density audit; not a time-trend or incidence analysis.
JADER,16,2004・第四,1,0,0.0,Source-structure density audit; not a time-trend or incidence analysis.
JADER,01,2005・第一,1667,96,5.758848230353929,Source-structure density audit; not a time-trend or incidence analysis.
JADER,02,2005・第一,2775,119,4.288288288288288,Source-structure density audit; not a time-trend or incidence analysis.
JADER,03,2005・第一,749,16,2.1361815754339117,Source-structure density audit; not a time-trend or incidence analysis.
JADER,04,2005・第一,224,0,0.0,Source-structure density audit; not a time-trend or incidence analysis.
JADER,05,2005・第一,48,1,2.0833333333333335,Source-structure density audit; not a time-trend or incidence analysis.
JADER,06,2005・第一,11,0,0.0,Source-structure density audit; not a time-trend or incidence analysis.
JADER,07,2005・第一,2,0,0.0,Source-structure density audit; not a time-trend or incidence analysis.
JADER,08,2005・第一,2,0,0.0,Source-structure density audit; not a time-trend or incidence analysis.
JADER,12,2005・第一,1,0,0.0,Source-structure density audit; not a time-trend or incidence analysis.
JADER,01,2005・第三,2079,93,4.473304473304474,Source-structure density audit; not a time-trend or incidence analysis.
JADER,02,2005・第三,3273,135,4.124656278643446,Source-structure density audit; not a time-trend or incidence analysis.
JADER,03,2005・第三,929,30,3.2292787944025836,Source-structure density audit; not a time-trend or incidence analysis.
JADER,04,2005・第三,279,1,0.35842293906810035,Source-structure density audit; not a time-trend or incidence analysis.
JADER,05,2005・第三,74,1,1.3513513513513513,Source-structure density audit; not a time-trend or incidence analysis.
JADER,06,2005・第三,21,2,9.523809523809524,Source-structure density audit; not a time-trend or incidence analysis.
JADER,07,2005・第三,10,0,0.0,Source-structure density audit; not a time-trend or incidence analysis.
JADER,08,2005・第三,5,1,20.0,Source-structure density audit; not a time-trend or incidence analysis.
JADER,09,2005・第三,2,0,0.0,Source-structure density audit; not a time-trend or incidence analysis.
JADER,11,2005・第三,1,0,0.0,Source-structure density audit; not a time-trend or incidence analysis.
JADER,13,2005・第三,1,0,0.0,Source-structure density audit; not a time-trend or incidence analysis.
JADER,01,2005・第二,1945,105,5.3984575835475574,Source-structure density audit; not a time-trend or incidence analysis.
JADER,02,2005・第二,2917,113,3.873842989372643,Source-structure density audit; not a time-trend or incidence analysis.
JADER,03,2005・第二,852,18,2.112676056338028,Source-structure density audit; not a time-trend or incidence analysis.
JADER,04,2005・第二,227,4,1.7621145374449338,Source-structure density audit; not a time-trend or incidence analysis.
JADER,05,2005・第二,79,1,1.2658227848101267,Source-structure density audit; not a time-trend or incidence analysis.
JADER,06,2005・第二,20,0,0.0,Source-structure density audit; not a time-trend or incidence analysis.
JADER,07,2005・第二,10,0,0.0,Source-structure density audit; not a time-trend or incidence analysis.
JADER,08,2005・第二,4,0,0.0,Source-structure density audit; not a time-trend or incidence analysis.
JADER,10,2005・第二,1,0,0.0,Source-structure density audit; not a time-trend or incidence analysis.
JADER,01,2005・第四,1839,95,5.165851005981511,Source-structure density audit; not a time-trend or incidence analysis.
JADER,02,2005・第四,2855,151,5.288966725043783,Source-structure density audit; not a time-trend or incidence analysis.
JADER,03,2005・第四,898,27,3.0066815144766146,Source-structure density audit; not a time-trend or incidence analysis.
JADER,04,2005・第四,238,2,0.8403361344537815,Source-structure density audit; not a time-trend or incidence analysis.
JADER,05,2005・第四,84,0,0.0,Source-structure density audit; not a time-trend or incidence analysis.
JADER,06,2005・第四,32,0,0.0,Source-structure density audit; not a time-trend or incidence analysis.
JADER,07,2005・第四,10,0,0.0,Source-structure density audit; not a time-trend or incidence analysis.
JADER,08,2005・第四,2,0,0.0,Source-structure density audit; not a time-trend or incidence analysis.
JADER,12,2005・第四,1,0,0.0,Source-structure density audit; not a time-trend or incidence analysis.
JADER,01,2006・第一,1845,95,5.149051490514905,Source-structure density audit; not a time-trend or incidence analysis.
JADER,02,2006・第一,2817,151,5.360312389066383,Source-structure density audit; not a time-trend or incidence analysis.
JADER,03,2006・第一,899,26,2.8921023359288096,Source-structure density audit; not a time-trend or incidence analysis.
JADER,04,2006・第一,248,7,2.8225806451612905,Source-structure density audit; not a time-trend or incidence analysis.
JADER,05,2006・第一,64,0,0.0,Source-structure density audit; not a time-trend or incidence analysis.
JADER,06,2006・第一,24,0,0.0,Source-structure density audit; not a time-trend or incidence analysis.
JADER,07,2006・第一,9,0,0.0,Source-structure density audit; not a time-trend or incidence analysis.
JADER,01,2006・第三,2125,123,5.788235294117647,Source-structure density audit; not a time-trend or incidence analysis.
JADER,02,2006・第三,3138,141,4.493307839388145,Source-structure density audit; not a time-trend or incidence analysis.
JADER,03,2006・第三,1011,19,1.8793273986152323,Source-structure density audit; not a time-trend or incidence analysis.
JADER,04,2006・第三,281,2,0.7117437722419929,Source-structure density audit; not a time-trend or incidence analysis.
JADER,05,2006・第三,85,0,0.0,Source-structure density audit; not a time-trend or incidence analysis.
JADER,06,2006・第三,36,0,0.0,Source-structure density audit; not a time-trend or incidence analysis.
JADER,07,2006・第三,7,0,0.0,Source-structure density audit; not a time-trend or incidence analysis.
JADER,08,2006・第三,2,0,0.0,Source-structure density audit; not a time-trend or incidence analysis.
JADER,01,2006・第二,1835,86,4.686648501362398,Source-structure density audit; not a time-trend or incidence analysis.
JADER,02,2006・第二,2892,132,4.564315352697095,Source-structure density audit; not a time-trend or incidence analysis.
JADER,03,2006・第二,943,27,2.863202545068929,Source-structure density audit; not a time-trend or incidence analysis.
JADER,04,2006・第二,250,1,0.4,Source-structure density audit; not a time-trend or incidence analysis.
JADER,05,2006・第二,80,0,0.0,Source-structure density audit; not a time-trend or incidence analysis.
JADER,06,2006・第二,17,0,0.0,Source-structure density audit; not a time-trend or incidence analysis.
JADER,07,2006・第二,8,0,0.0,Source-structure density audit; not a time-trend or incidence analysis.
JADER,08,2006・第二,2,0,0.0,Source-structure density audit; not a time-trend or incidence analysis.
JADER,09,2006・第二,1,0,0.0,Source-structure density audit; not a time-trend or incidence analysis.
JADER,10,2006・第二,1,0,0.0,Source-structure density audit; not a time-trend or incidence analysis.
JADER,01,2006・第四,1665,82,4.924924924924925,Source-structure density audit; not a time-trend or incidence analysis.
JADER,02,2006・第四,2648,125,4.720543806646526,Source-structure density audit; not a time-trend or incidence analysis.
JADER,03,2006・第四,930,18,1.935483870967742,Source-structure density audit; not a time-trend or incidence analysis.
JADER,04,2006・第四,269,5,1.858736059479554,Source-structure density audit; not a time-trend or incidence analysis.
JADER,05,2006・第四,87,0,0.0,Source-structure density audit; not a time-trend or incidence analysis.
JADER,06,2006・第四,29,1,3.4482758620689653,Source-structure density audit; not a time-trend or incidence analysis.
JADER,07,2006・第四,17,0,0.0,Source-structure density audit; not a time-trend or incidence analysis.
JADER,08,2006・第四,4,0,0.0,Source-structure density audit; not a time-trend or incidence analysis.
JADER,09,2006・第四,7,0,0.0,Source-structure density audit; not a time-trend or incidence analysis.
JADER,10,2006・第四,4,0,0.0,Source-structure density audit; not a time-trend or incidence analysis.
JADER,11,2006・第四,1,0,0.0,Source-structure density audit; not a time-trend or incidence analysis.
JADER,01,2007・第一,1748,83,4.748283752860412,Source-structure density audit; not a time-trend or incidence analysis.
JADER,02,2007・第一,2846,141,4.954321855235418,Source-structure density audit; not a time-trend or incidence analysis.
JADER,03,2007・第一,986,12,1.2170385395537526,Source-structure density audit; not a time-trend or incidence analysis.
JADER,04,2007・第一,275,4,1.4545454545454546,Source-structure density audit; not a time-trend or incidence analysis.
JADER,05,2007・第一,88,3,3.409090909090909,Source-structure density audit; not a time-trend or incidence analysis.
JADER,06,2007・第一,36,1,2.7777777777777777,Source-structure density audit; not a time-trend or incidence analysis.
JADER,07,2007・第一,16,0,0.0,Source-structure density audit; not a time-trend or incidence analysis.
JADER,08,2007・第一,2,0,0.0,Source-structure density audit; not a time-trend or incidence analysis.
JADER,09,2007・第一,1,0,0.0,Source-structure density audit; not a time-trend or incidence analysis.
JADER,10,2007・第一,1,0,0.0,Source-structure density audit; not a time-trend or incidence analysis.
JADER,12,2007・第一,2,0,0.0,Source-structure density audit; not a time-trend or incidence analysis.
JADER,01,2007・第三,2140,83,3.878504672897196,Source-structure density audit; not a time-trend or incidence analysis.
JADER,02,2007・第三,3508,180,5.131128848346636,Source-structure density audit; not a time-trend or incidence analysis.
JADER,03,2007・第三,1253,32,2.5538707102952913,Source-structure density audit; not a time-trend or incidence analysis.
JADER,04,2007・第三,395,3,0.759493670886076,Source-structure density audit; not a time-trend or incidence analysis.
JADER,05,2007・第三,94,0,0.0,Source-structure density audit; not a time-trend or incidence analysis.
JADER,06,2007・第三,40,0,0.0,Source-structure density audit; not a time-trend or incidence analysis.
JADER,07,2007・第三,18,0,0.0,Source-structure density audit; not a time-trend or incidence analysis.
JADER,08,2007・第三,7,0,0.0,Source-structure density audit; not a time-trend or incidence analysis.
JADER,09,2007・第三,4,0,0.0,Source-structure density audit; not a time-trend or incidence analysis.
JADER,32,2007・第三,1,0,0.0,Source-structure density audit; not a time-trend or incidence analysis.
JADER,01,2007・第二,1710,73,4.269005847953216,Source-structure density audit; not a time-trend or incidence analysis.
JADER,02,2007・第二,2775,145,5.225225225225225,Source-structure density audit; not a time-trend or incidence analysis.
JADER,03,2007・第二,1037,31,2.9893924783027965,Source-structure density audit; not a time-trend or incidence analysis.
JADER,04,2007・第二,290,4,1.3793103448275863,Source-structure density audit; not a time-trend or incidence analysis.
JADER,05,2007・第二,98,0,0.0,Source-structure density audit; not a time-trend or incidence analysis.
JADER,06,2007・第二,45,1,2.2222222222222223,Source-structure density audit; not a time-trend or incidence analysis.
JADER,07,2007・第二,15,0,0.0,Source-structure density audit; not a time-trend or incidence analysis.
JADER,08,2007・第二,6,0,0.0,Source-structure density audit; not a time-trend or incidence analysis.
JADER,10,2007・第二,2,0,0.0,Source-structure density audit; not a time-trend or incidence analysis.
JADER,14,2007・第二,1,0,0.0,Source-structure density audit; not a time-trend or incidence analysis.
JADER,15,2007・第二,2,0,0.0,Source-structure density audit; not a time-trend or incidence analysis.
JADER,01,2007・第四,1710,70,4.093567251461988,Source-structure density audit; not a time-trend or incidence analysis.
JADER,02,2007・第四,2927,137,4.6805603006491285,Source-structure density audit; not a time-trend or incidence analysis.
JADER,03,2007・第四,1058,31,2.9300567107750473,Source-structure density audit; not a time-trend or incidence analysis.
JADER,04,2007・第四,317,4,1.2618296529968454,Source-structure density audit; not a time-trend or incidence analysis.
JADER,05,2007・第四,100,1,1.0,Source-structure density audit; not a time-trend or incidence analysis.
JADER,06,2007・第四,35,1,2.857142857142857,Source-structure density audit; not a time-trend or incidence analysis.
JADER,07,2007・第四,14,0,0.0,Source-structure density audit; not a time-trend or incidence analysis.
JADER,08,2007・第四,1,0,0.0,Source-structure density audit; not a time-trend or incidence analysis.
JADER,10,2007・第四,1,0,0.0,Source-structure density audit; not a time-trend or incidence analysis.
JADER,11,2007・第四,1,0,0.0,Source-structure density audit; not a time-trend or incidence analysis.
JADER,12,2007・第四,1,0,0.0,Source-structure density audit; not a time-trend or incidence analysis.
JADER,13,2007・第四,1,0,0.0,Source-structure density audit; not a time-trend or incidence analysis.
JADER,14,2007・第四,1,0,0.0,Source-structure density audit; not a time-trend or incidence analysis.
JADER,01,2008・第一,1880,121,6.4361702127659575,Source-structure density audit; not a time-trend or incidence analysis.
JADER,02,2008・第一,3029,155,5.117200396170353,Source-structure density audit; not a time-trend or incidence analysis.
JADER,03,2008・第一,1179,29,2.4597116200169635,Source-structure density audit; not a time-trend or incidence analysis.
JADER,04,2008・第一,419,4,0.954653937947494,Source-structure density audit; not a time-trend or incidence analysis.
JADER,05,2008・第一,156,3,1.9230769230769231,Source-structure density audit; not a time-trend or incidence analysis.
JADER,06,2008・第一,65,0,0.0,Source-structure density audit; not a time-trend or incidence analysis.
JADER,07,2008・第一,22,0,0.0,Source-structure density audit; not a time-trend or incidence analysis.
JADER,08,2008・第一,6,0,0.0,Source-structure density audit; not a time-trend or incidence analysis.
JADER,09,2008・第一,2,0,0.0,Source-structure density audit; not a time-trend or incidence analysis.
JADER,10,2008・第一,3,0,0.0,Source-structure density audit; not a time-trend or incidence analysis.
JADER,11,2008・第一,2,0,0.0,Source-structure density audit; not a time-trend or incidence analysis.
JADER,13,2008・第一,2,0,0.0,Source-structure density audit; not a time-trend or incidence analysis.
JADER,14,2008・第一,1,0,0.0,Source-structure density audit; not a time-trend or incidence analysis.
JADER,01,2008・第三,2461,123,4.997968305566843,Source-structure density audit; not a time-trend or incidence analysis.
JADER,02,2008・第三,3470,178,5.129682997118156,Source-structure density audit; not a time-trend or incidence analysis.
JADER,03,2008・第三,1388,39,2.809798270893372,Source-structure density audit; not a time-trend or incidence analysis.
JADER,04,2008・第三,502,2,0.398406374501992,Source-structure density audit; not a time-trend or incidence analysis.
JADER,05,2008・第三,254,3,1.1811023622047243,Source-structure density audit; not a time-trend or incidence analysis.
JADER,06,2008・第三,84,1,1.1904761904761905,Source-structure density audit; not a time-trend or incidence analysis.
JADER,07,2008・第三,31,0,0.0,Source-structure density audit; not a time-trend or incidence analysis.
JADER,08,2008・第三,10,0,0.0,Source-structure density audit; not a time-trend or incidence analysis.
JADER,09,2008・第三,7,0,0.0,Source-structure density audit; not a time-trend or incidence analysis.
JADER,10,2008・第三,7,0,0.0,Source-structure density audit; not a time-trend or incidence analysis.
JADER,11,2008・第三,4,0,0.0,Source-structure density audit; not a time-trend or incidence analysis.
JADER,12,2008・第三,1,0,0.0,Source-structure density audit; not a time-trend or incidence analysis.
JADER,14,2008・第三,2,0,0.0,Source-structure density audit; not a time-trend or incidence analysis.
JADER,16,2008・第三,2,0,0.0,Source-structure density audit; not a time-trend or incidence analysis.
JADER,19,2008・第三,1,0,0.0,Source-structure density audit; not a time-trend or incidence analysis.
JADER,01,2008・第二,1906,108,5.6663168940188875,Source-structure density audit; not a time-trend or incidence analysis.
JADER,02,2008・第二,2890,127,4.3944636678200695,Source-structure density audit; not a time-trend or incidence analysis.
JADER,03,2008・第二,1192,35,2.936241610738255,Source-structure density audit; not a time-trend or incidence analysis.
JADER,04,2008・第二,466,7,1.502145922746781,Source-structure density audit; not a time-trend or incidence analysis.
JADER,05,2008・第二,153,0,0.0,Source-structure density audit; not a time-trend or incidence analysis.
JADER,06,2008・第二,79,1,1.2658227848101267,Source-structure density audit; not a time-trend or incidence analysis.
JADER,07,2008・第二,36,0,0.0,Source-structure density audit; not a time-trend or incidence analysis.
JADER,08,2008・第二,11,0,0.0,Source-structure density audit; not a time-trend or incidence analysis.
JADER,09,2008・第二,10,0,0.0,Source-structure density audit; not a time-trend or incidence analysis.
JADER,10,2008・第二,4,0,0.0,Source-structure density audit; not a time-trend or incidence analysis.
JADER,11,2008・第二,2,0,0.0,Source-structure density audit; not a time-trend or incidence analysis.
JADER,12,2008・第二,1,0,0.0,Source-structure density audit; not a time-trend or incidence analysis.
JADER,14,2008・第二,1,0,0.0,Source-structure density audit; not a time-trend or incidence analysis.
JADER,01,2008・第四,1790,106,5.921787709497207,Source-structure density audit; not a time-trend or incidence analysis.
JADER,02,2008・第四,2996,136,4.539385847797063,Source-structure density audit; not a time-trend or incidence analysis.
JADER,03,2008・第四,1271,25,1.966955153422502,Source-structure density audit; not a time-trend or incidence analysis.
JADER,04,2008・第四,468,5,1.0683760683760684,Source-structure density audit; not a time-trend or incidence analysis.
JADER,05,2008・第四,180,1,0.5555555555555556,Source-structure density audit; not a time-trend or incidence analysis.
JADER,06,2008・第四,75,0,0.0,Source-structure density audit; not a time-trend or incidence analysis.
JADER,07,2008・第四,31,0,0.0,Source-structure density audit; not a time-trend or incidence analysis.
JADER,08,2008・第四,14,0,0.0,Source-structure density audit; not a time-trend or incidence analysis.
JADER,09,2008・第四,11,0,0.0,Source-structure density audit; not a time-trend or incidence analysis.
JADER,10,2008・第四,10,0,0.0,Source-structure density audit; not a time-trend or incidence analysis.
JADER,12,2008・第四,3,0,0.0,Source-structure density audit; not a time-trend or incidence analysis.
JADER,14,2008・第四,1,0,0.0,Source-structure density audit; not a time-trend or incidence analysis.
JADER,16,2008・第四,1,0,0.0,Source-structure density audit; not a time-trend or incidence analysis.
JADER,01,2009・第一,1924,84,4.365904365904366,Source-structure density audit; not a time-trend or incidence analysis.
JADER,02,2009・第一,3148,152,4.828462515883101,Source-structure density audit; not a time-trend or incidence analysis.
JADER,03,2009・第一,1323,31,2.3431594860166287,Source-structure density audit; not a time-trend or incidence analysis.
JADER,04,2009・第一,518,3,0.5791505791505791,Source-structure density audit; not a time-trend or incidence analysis.
JADER,05,2009・第一,210,1,0.47619047619047616,Source-structure density audit; not a time-trend or incidence analysis.
JADER,06,2009・第一,87,1,1.1494252873563218,Source-structure density audit; not a time-trend or incidence analysis.
JADER,07,2009・第一,46,0,0.0,Source-structure density audit; not a time-trend or incidence analysis.
JADER,08,2009・第一,21,0,0.0,Source-structure density audit; not a time-trend or incidence analysis.
JADER,09,2009・第一,10,0,0.0,Source-structure density audit; not a time-trend or incidence analysis.
JADER,10,2009・第一,9,0,0.0,Source-structure density audit; not a time-trend or incidence analysis.
JADER,11,2009・第一,1,0,0.0,Source-structure density audit; not a time-trend or incidence analysis.
JADER,12,2009・第一,2,0,0.0,Source-structure density audit; not a time-trend or incidence analysis.
JADER,13,2009・第一,1,0,0.0,Source-structure density audit; not a time-trend or incidence analysis.
JADER,16,2009・第一,1,0,0.0,Source-structure density audit; not a time-trend or incidence analysis.
JADER,01,2009・第三,2001,127,6.346826586706647,Source-structure density audit; not a time-trend or incidence analysis.
JADER,02,2009・第三,3607,184,5.101192126420848,Source-structure density audit; not a time-trend or incidence analysis.
JADER,03,2009・第三,1452,36,2.479338842975207,Source-structure density audit; not a time-trend or incidence analysis.
JADER,04,2009・第三,560,9,1.6071428571428572,Source-structure density audit; not a time-trend or incidence analysis.
JADER,05,2009・第三,198,4,2.0202020202020203,Source-structure density audit; not a time-trend or incidence analysis.
JADER,06,2009・第三,70,0,0.0,Source-structure density audit; not a time-trend or incidence analysis.
JADER,07,2009・第三,31,0,0.0,Source-structure density audit; not a time-trend or incidence analysis.
JADER,08,2009・第三,13,0,0.0,Source-structure density audit; not a time-trend or incidence analysis.
JADER,09,2009・第三,6,0,0.0,Source-structure density audit; not a time-trend or incidence analysis.
JADER,10,2009・第三,6,0,0.0,Source-structure density audit; not a time-trend or incidence analysis.
JADER,11,2009・第三,1,0,0.0,Source-structure density audit; not a time-trend or incidence analysis.
JADER,12,2009・第三,1,0,0.0,Source-structure density audit; not a time-trend or incidence analysis.
JADER,01,2009・第二,1730,101,5.838150289017341,Source-structure density audit; not a time-trend or incidence analysis.
JADER,02,2009・第二,3159,188,5.95125039569484,Source-structure density audit; not a time-trend or incidence analysis.
JADER,03,2009・第二,1342,30,2.235469448584203,Source-structure density audit; not a time-trend or incidence analysis.
JADER,04,2009・第二,515,6,1.1650485436893203,Source-structure density audit; not a time-trend or incidence analysis.
JADER,05,2009・第二,226,0,0.0,Source-structure density audit; not a time-trend or incidence analysis.
JADER,06,2009・第二,99,1,1.0101010101010102,Source-structure density audit; not a time-trend or incidence analysis.
JADER,07,2009・第二,39,0,0.0,Source-structure density audit; not a time-trend or incidence analysis.
JADER,08,2009・第二,17,0,0.0,Source-structure density audit; not a time-trend or incidence analysis.
JADER,09,2009・第二,7,0,0.0,Source-structure density audit; not a time-trend or incidence analysis.
JADER,10,2009・第二,2,0,0.0,Source-structure density audit; not a time-trend or incidence analysis.
JADER,11,2009・第二,2,0,0.0,Source-structure density audit; not a time-trend or incidence analysis.
JADER,12,2009・第二,1,0,0.0,Source-structure density audit; not a time-trend or incidence analysis.
JADER,13,2009・第二,1,0,0.0,Source-structure density audit; not a time-trend or incidence analysis.
JADER,14,2009・第二,1,0,0.0,Source-structure density audit; not a time-trend or incidence analysis.
JADER,16,2009・第二,1,0,0.0,Source-structure density audit; not a time-trend or incidence analysis.
JADER,01,2009・第四,1872,122,6.517094017094017,Source-structure density audit; not a time-trend or incidence analysis.
JADER,02,2009・第四,3112,132,4.241645244215938,Source-structure density audit; not a time-trend or incidence analysis.
JADER,03,2009・第四,1207,25,2.071251035625518,Source-structure density audit; not a time-trend or incidence analysis.
JADER,04,2009・第四,439,3,0.683371298405467,Source-structure density audit; not a time-trend or incidence analysis.
JADER,05,2009・第四,164,2,1.2195121951219512,Source-structure density audit; not a time-trend or incidence analysis.
JADER,06,2009・第四,68,0,0.0,Source-structure density audit; not a time-trend or incidence analysis.
JADER,07,2009・第四,21,1,4.761904761904762,Source-structure density audit; not a time-trend or incidence analysis.
JADER,08,2009・第四,10,0,0.0,Source-structure density audit; not a time-trend or incidence analysis.
JADER,09,2009・第四,5,0,0.0,Source-structure density audit; not a time-trend or incidence analysis.
JADER,10,2009・第四,1,0,0.0,Source-structure density audit; not a time-trend or incidence analysis.
JADER,11,2009・第四,2,0,0.0,Source-structure density audit; not a time-trend or incidence analysis.
JADER,15,2009・第四,1,0,0.0,Source-structure density audit; not a time-trend or incidence analysis.
JADER,17,2009・第四,1,0,0.0,Source-structure density audit; not a time-trend or incidence analysis.
JADER,18,2009・第四,1,0,0.0,Source-structure density audit; not a time-trend or incidence analysis.
JADER,01,2010・第一,2260,137,6.061946902654867,Source-structure density audit; not a time-trend or incidence analysis.
JADER,02,2010・第一,3258,141,4.327808471454881,Source-structure density audit; not a time-trend or incidence analysis.
JADER,03,2010・第一,1312,34,2.591463414634146,Source-structure density audit; not a time-trend or incidence analysis.
JADER,04,2010・第一,497,5,1.0060362173038229,Source-structure density audit; not a time-trend or incidence analysis.
JADER,05,2010・第一,184,2,1.0869565217391304,Source-structure density audit; not a time-trend or incidence analysis.
JADER,06,2010・第一,59,1,1.694915254237288,Source-structure density audit; not a time-trend or incidence analysis.
JADER,07,2010・第一,22,0,0.0,Source-structure density audit; not a time-trend or incidence analysis.
JADER,08,2010・第一,18,0,0.0,Source-structure density audit; not a time-trend or incidence analysis.
JADER,09,2010・第一,4,0,0.0,Source-structure density audit; not a time-trend or incidence analysis.
JADER,10,2010・第一,7,0,0.0,Source-structure density audit; not a time-trend or incidence analysis.
JADER,11,2010・第一,2,0,0.0,Source-structure density audit; not a time-trend or incidence analysis.
JADER,12,2010・第一,2,0,0.0,Source-structure density audit; not a time-trend or incidence analysis.
JADER,13,2010・第一,1,0,0.0,Source-structure density audit; not a time-trend or incidence analysis.
JADER,01,2010・第三,2575,119,4.621359223300971,Source-structure density audit; not a time-trend or incidence analysis.
JADER,02,2010・第三,3904,166,4.252049180327869,Source-structure density audit; not a time-trend or incidence analysis.
JADER,03,2010・第三,1531,33,2.155453951665578,Source-structure density audit; not a time-trend or incidence analysis.
JADER,04,2010・第三,528,16,3.0303030303030303,Source-structure density audit; not a time-trend or incidence analysis.
JADER,05,2010・第三,241,2,0.8298755186721992,Source-structure density audit; not a time-trend or incidence analysis.
JADER,06,2010・第三,80,0,0.0,Source-structure density audit; not a time-trend or incidence analysis.
JADER,07,2010・第三,46,0,0.0,Source-structure density audit; not a time-trend or incidence analysis.
JADER,08,2010・第三,29,0,0.0,Source-structure density audit; not a time-trend or incidence analysis.
JADER,09,2010・第三,11,0,0.0,Source-structure density audit; not a time-trend or incidence analysis.
JADER,10,2010・第三,6,0,0.0,Source-structure density audit; not a time-trend or incidence analysis.
JADER,11,2010・第三,4,0,0.0,Source-structure density audit; not a time-trend or incidence analysis.
JADER,12,2010・第三,1,0,0.0,Source-structure density audit; not a time-trend or incidence analysis.
JADER,13,2010・第三,1,0,0.0,Source-structure density audit; not a time-trend or incidence analysis.
JADER,14,2010・第三,1,0,0.0,Source-structure density audit; not a time-trend or incidence analysis.
JADER,17,2010・第三,1,0,0.0,Source-structure density audit; not a time-trend or incidence analysis.
JADER,18,2010・第三,1,0,0.0,Source-structure density audit; not a time-trend or incidence analysis.
JADER,01,2010・第二,2321,115,4.954760878931495,Source-structure density audit; not a time-trend or incidence analysis.
JADER,02,2010・第二,3582,148,4.1317699609156895,Source-structure density audit; not a time-trend or incidence analysis.
JADER,03,2010・第二,1417,31,2.1877205363443895,Source-structure density audit; not a time-trend or incidence analysis.
JADER,04,2010・第二,525,11,2.0952380952380953,Source-structure density audit; not a time-trend or incidence analysis.
JADER,05,2010・第二,182,1,0.5494505494505495,Source-structure density audit; not a time-trend or incidence analysis.
JADER,06,2010・第二,88,0,0.0,Source-structure density audit; not a time-trend or incidence analysis.
JADER,07,2010・第二,43,0,0.0,Source-structure density audit; not a time-trend or incidence analysis.
JADER,08,2010・第二,17,0,0.0,Source-structure density audit; not a time-trend or incidence analysis.
JADER,09,2010・第二,17,0,0.0,Source-structure density audit; not a time-trend or incidence analysis.
JADER,10,2010・第二,11,0,0.0,Source-structure density audit; not a time-trend or incidence analysis.
JADER,11,2010・第二,3,0,0.0,Source-structure density audit; not a time-trend or incidence analysis.
JADER,12,2010・第二,2,0,0.0,Source-structure density audit; not a time-trend or incidence analysis.
JADER,13,2010・第二,2,0,0.0,Source-structure density audit; not a time-trend or incidence analysis.
JADER,14,2010・第二,1,0,0.0,Source-structure density audit; not a time-trend or incidence analysis.
JADER,16,2010・第二,1,0,0.0,Source-structure density audit; not a time-trend or incidence analysis.
JADER,01,2010・第四,2151,103,4.788470478847048,Source-structure density audit; not a time-trend or incidence analysis.
JADER,02,2010・第四,3685,145,3.9348710990502034,Source-structure density audit; not a time-trend or incidence analysis.
JADER,03,2010・第四,1424,43,3.019662921348315,Source-structure density audit; not a time-trend or incidence analysis.
JADER,04,2010・第四,524,9,1.717557251908397,Source-structure density audit; not a time-trend or incidence analysis.
JADER,05,2010・第四,210,5,2.380952380952381,Source-structure density audit; not a time-trend or incidence analysis.
JADER,06,2010・第四,86,3,3.488372093023256,Source-structure density audit; not a time-trend or incidence analysis.
JADER,07,2010・第四,43,1,2.3255813953488373,Source-structure density audit; not a time-trend or incidence analysis.
JADER,08,2010・第四,22,0,0.0,Source-structure density audit; not a time-trend or incidence analysis.
JADER,09,2010・第四,9,0,0.0,Source-structure density audit; not a time-trend or incidence analysis.
JADER,10,2010・第四,7,0,0.0,Source-structure density audit; not a time-trend or incidence analysis.
JADER,11,2010・第四,2,0,0.0,Source-structure density audit; not a time-trend or incidence analysis.
JADER,12,2010・第四,1,0,0.0,Source-structure density audit; not a time-trend or incidence analysis.
JADER,13,2010・第四,1,0,0.0,Source-structure density audit; not a time-trend or incidence analysis.
JADER,14,2010・第四,2,0,0.0,Source-structure density audit; not a time-trend or incidence analysis.
JADER,18,2010・第四,1,0,0.0,Source-structure density audit; not a time-trend or incidence analysis.
JADER,20,2010・第四,1,0,0.0,Source-structure density audit; not a time-trend or incidence analysis.
JADER,01,2011・第一,2205,101,4.580498866213152,Source-structure density audit; not a time-trend or incidence analysis.
JADER,02,2011・第一,3398,127,3.737492642731018,Source-structure density audit; not a time-trend or incidence analysis.
JADER,03,2011・第一,1364,28,2.0527859237536656,Source-structure density audit; not a time-trend or incidence analysis.
JADER,04,2011・第一,517,11,2.127659574468085,Source-structure density audit; not a time-trend or incidence analysis.
JADER,05,2011・第一,221,5,2.262443438914027,Source-structure density audit; not a time-trend or incidence analysis.
JADER,06,2011・第一,89,3,3.3707865168539324,Source-structure density audit; not a time-trend or incidence analysis.
JADER,07,2011・第一,33,2,6.0606060606060606,Source-structure density audit; not a time-trend or incidence analysis.
JADER,08,2011・第一,22,0,0.0,Source-structure density audit; not a time-trend or incidence analysis.
JADER,09,2011・第一,5,0,0.0,Source-structure density audit; not a time-trend or incidence analysis.
JADER,10,2011・第一,1,0,0.0,Source-structure density audit; not a time-trend or incidence analysis.
JADER,11,2011・第一,2,0,0.0,Source-structure density audit; not a time-trend or incidence analysis.
JADER,13,2011・第一,1,0,0.0,Source-structure density audit; not a time-trend or incidence analysis.
JADER,17,2011・第一,1,0,0.0,Source-structure density audit; not a time-trend or incidence analysis.
JADER,01,2011・第三,2846,102,3.5839775122979622,Source-structure density audit; not a time-trend or incidence analysis.
JADER,02,2011・第三,4199,192,4.572517266015718,Source-structure density audit; not a time-trend or incidence analysis.
JADER,03,2011・第三,1644,54,3.2846715328467155,Source-structure density audit; not a time-trend or incidence analysis.
JADER,04,2011・第三,622,9,1.4469453376205788,Source-structure density audit; not a time-trend or incidence analysis.
JADER,05,2011・第三,243,4,1.646090534979424,Source-structure density audit; not a time-trend or incidence analysis.
JADER,06,2011・第三,111,1,0.9009009009009009,Source-structure density audit; not a time-trend or incidence analysis.
JADER,07,2011・第三,36,0,0.0,Source-structure density audit; not a time-trend or incidence analysis.
JADER,08,2011・第三,26,0,0.0,Source-structure density audit; not a time-trend or incidence analysis.
JADER,09,2011・第三,22,0,0.0,Source-structure density audit; not a time-trend or incidence analysis.
JADER,10,2011・第三,11,0,0.0,Source-structure density audit; not a time-trend or incidence analysis.
JADER,11,2011・第三,4,0,0.0,Source-structure density audit; not a time-trend or incidence analysis.
JADER,12,2011・第三,3,0,0.0,Source-structure density audit; not a time-trend or incidence analysis.
JADER,13,2011・第三,1,0,0.0,Source-structure density audit; not a time-trend or incidence analysis.
JADER,15,2011・第三,1,0,0.0,Source-structure density audit; not a time-trend or incidence analysis.
JADER,18,2011・第三,1,0,0.0,Source-structure density audit; not a time-trend or incidence analysis.
JADER,19,2011・第三,2,0,0.0,Source-structure density audit; not a time-trend or incidence analysis.
JADER,24,2011・第三,1,1,100.0,Source-structure density audit; not a time-trend or incidence analysis.
JADER,01,2011・第二,2795,101,3.6135957066189626,Source-structure density audit; not a time-trend or incidence analysis.
JADER,02,2011・第二,3934,175,4.448398576512456,Source-structure density audit; not a time-trend or incidence analysis.
JADER,03,2011・第二,1653,46,2.782819116757411,Source-structure density audit; not a time-trend or incidence analysis.
JADER,04,2011・第二,588,11,1.870748299319728,Source-structure density audit; not a time-trend or incidence analysis.
JADER,05,2011・第二,270,7,2.5925925925925926,Source-structure density audit; not a time-trend or incidence analysis.
JADER,06,2011・第二,99,2,2.0202020202020203,Source-structure density audit; not a time-trend or incidence analysis.
JADER,07,2011・第二,41,1,2.4390243902439024,Source-structure density audit; not a time-trend or incidence analysis.
JADER,08,2011・第二,22,0,0.0,Source-structure density audit; not a time-trend or incidence analysis.
JADER,09,2011・第二,9,0,0.0,Source-structure density audit; not a time-trend or incidence analysis.
JADER,10,2011・第二,3,0,0.0,Source-structure density audit; not a time-trend or incidence analysis.
JADER,11,2011・第二,2,0,0.0,Source-structure density audit; not a time-trend or incidence analysis.
JADER,12,2011・第二,4,0,0.0,Source-structure density audit; not a time-trend or incidence analysis.
JADER,14,2011・第二,2,0,0.0,Source-structure density audit; not a time-trend or incidence analysis.
JADER,19,2011・第二,1,0,0.0,Source-structure density audit; not a time-trend or incidence analysis.
JADER,01,2011・第四,2657,81,3.04855099736545,Source-structure density audit; not a time-trend or incidence analysis.
JADER,02,2011・第四,3840,168,4.375,Source-structure density audit; not a time-trend or incidence analysis.
JADER,03,2011・第四,1468,27,1.8392370572207084,Source-structure density audit; not a time-trend or incidence analysis.
JADER,04,2011・第四,549,10,1.8214936247723132,Source-structure density audit; not a time-trend or incidence analysis.
JADER,05,2011・第四,264,9,3.409090909090909,Source-structure density audit; not a time-trend or incidence analysis.
JADER,06,2011・第四,158,5,3.1645569620253164,Source-structure density audit; not a time-trend or incidence analysis.
JADER,07,2011・第四,83,6,7.228915662650603,Source-structure density audit; not a time-trend or incidence analysis.
JADER,08,2011・第四,41,0,0.0,Source-structure density audit; not a time-trend or incidence analysis.
JADER,09,2011・第四,31,0,0.0,Source-structure density audit; not a time-trend or incidence analysis.
JADER,10,2011・第四,8,0,0.0,Source-structure density audit; not a time-trend or incidence analysis.
JADER,11,2011・第四,6,0,0.0,Source-structure density audit; not a time-trend or incidence analysis.
JADER,12,2011・第四,2,0,0.0,Source-structure density audit; not a time-trend or incidence analysis.
JADER,13,2011・第四,1,0,0.0,Source-structure density audit; not a time-trend or incidence analysis.
JADER,16,2011・第四,3,0,0.0,Source-structure density audit; not a time-trend or incidence analysis.
JADER,17,2011・第四,1,0,0.0,Source-structure density audit; not a time-trend or incidence analysis.
JADER,22,2011・第四,1,0,0.0,Source-structure density audit; not a time-trend or incidence analysis.
JADER,01,2012・第一,2812,97,3.44950213371266,Source-structure density audit; not a time-trend or incidence analysis.
JADER,02,2012・第一,4080,177,4.338235294117647,Source-structure density audit; not a time-trend or incidence analysis.
JADER,03,2012・第一,1722,26,1.5098722415795587,Source-structure density audit; not a time-trend or incidence analysis.
JADER,04,2012・第一,798,9,1.1278195488721805,Source-structure density audit; not a time-trend or incidence analysis.
JADER,05,2012・第一,421,10,2.375296912114014,Source-structure density audit; not a time-trend or incidence analysis.
JADER,06,2012・第一,251,5,1.9920318725099602,Source-structure density audit; not a time-trend or incidence analysis.
JADER,07,2012・第一,145,3,2.0689655172413794,Source-structure density audit; not a time-trend or incidence analysis.
JADER,08,2012・第一,53,1,1.8867924528301887,Source-structure density audit; not a time-trend or incidence analysis.
JADER,09,2012・第一,24,0,0.0,Source-structure density audit; not a time-trend or incidence analysis.
JADER,10,2012・第一,14,0,0.0,Source-structure density audit; not a time-trend or incidence analysis.
JADER,11,2012・第一,12,0,0.0,Source-structure density audit; not a time-trend or incidence analysis.
JADER,12,2012・第一,5,0,0.0,Source-structure density audit; not a time-trend or incidence analysis.
JADER,13,2012・第一,3,0,0.0,Source-structure density audit; not a time-trend or incidence analysis.
JADER,17,2012・第一,2,0,0.0,Source-structure density audit; not a time-trend or incidence analysis.
JADER,19,2012・第一,1,0,0.0,Source-structure density audit; not a time-trend or incidence analysis.
JADER,23,2012・第一,1,0,0.0,Source-structure density audit; not a time-trend or incidence analysis.
JADER,01,2012・第三,3415,113,3.3089311859443633,Source-structure density audit; not a time-trend or incidence analysis.
JADER,02,2012・第三,4418,194,4.391127206880942,Source-structure density audit; not a time-trend or incidence analysis.
JADER,03,2012・第三,1793,43,2.3982152816508644,Source-structure density audit; not a time-trend or incidence analysis.
JADER,04,2012・第三,748,18,2.406417112299465,Source-structure density audit; not a time-trend or incidence analysis.
JADER,05,2012・第三,339,10,2.949852507374631,Source-structure density audit; not a time-trend or incidence analysis.
JADER,06,2012・第三,174,6,3.4482758620689653,Source-structure density audit; not a time-trend or incidence analysis.
JADER,07,2012・第三,71,0,0.0,Source-structure density audit; not a time-trend or incidence analysis.
JADER,08,2012・第三,31,1,3.225806451612903,Source-structure density audit; not a time-trend or incidence analysis.
JADER,09,2012・第三,12,0,0.0,Source-structure density audit; not a time-trend or incidence analysis.
JADER,10,2012・第三,6,0,0.0,Source-structure density audit; not a time-trend or incidence analysis.
JADER,11,2012・第三,3,0,0.0,Source-structure density audit; not a time-trend or incidence analysis.
JADER,12,2012・第三,4,0,0.0,Source-structure density audit; not a time-trend or incidence analysis.
JADER,13,2012・第三,4,0,0.0,Source-structure density audit; not a time-trend or incidence analysis.
JADER,15,2012・第三,1,0,0.0,Source-structure density audit; not a time-trend or incidence analysis.
JADER,18,2012・第三,1,0,0.0,Source-structure density audit; not a time-trend or incidence analysis.
JADER,20,2012・第三,1,0,0.0,Source-structure density audit; not a time-trend or incidence analysis.
JADER,01,2012・第二,3058,80,2.616088947024199,Source-structure density audit; not a time-trend or incidence analysis.
JADER,02,2012・第二,3991,150,3.7584565271861687,Source-structure density audit; not a time-trend or incidence analysis.
JADER,03,2012・第二,1841,24,1.3036393264530146,Source-structure density audit; not a time-trend or incidence analysis.
JADER,04,2012・第二,868,10,1.152073732718894,Source-structure density audit; not a time-trend or incidence analysis.
JADER,05,2012・第二,403,16,3.970223325062035,Source-structure density audit; not a time-trend or incidence analysis.
JADER,06,2012・第二,190,7,3.6842105263157894,Source-structure density audit; not a time-trend or incidence analysis.
JADER,07,2012・第二,77,3,3.896103896103896,Source-structure density audit; not a time-trend or incidence analysis.
JADER,08,2012・第二,33,2,6.0606060606060606,Source-structure density audit; not a time-trend or incidence analysis.
JADER,09,2012・第二,27,0,0.0,Source-structure density audit; not a time-trend or incidence analysis.
JADER,10,2012・第二,6,0,0.0,Source-structure density audit; not a time-trend or incidence analysis.
JADER,11,2012・第二,4,0,0.0,Source-structure density audit; not a time-trend or incidence analysis.
JADER,12,2012・第二,6,0,0.0,Source-structure density audit; not a time-trend or incidence analysis.
JADER,13,2012・第二,1,0,0.0,Source-structure density audit; not a time-trend or incidence analysis.
JADER,14,2012・第二,2,0,0.0,Source-structure density audit; not a time-trend or incidence analysis.
JADER,16,2012・第二,1,0,0.0,Source-structure density audit; not a time-trend or incidence analysis.
JADER,18,2012・第二,1,0,0.0,Source-structure density audit; not a time-trend or incidence analysis.
JADER,01,2012・第四,2971,86,2.89464826657691,Source-structure density audit; not a time-trend or incidence analysis.
JADER,02,2012・第四,3598,148,4.113396331295164,Source-structure density audit; not a time-trend or incidence analysis.
JADER,03,2012・第四,1335,31,2.3220973782771535,Source-structure density audit; not a time-trend or incidence analysis.
JADER,04,2012・第四,503,14,2.783300198807157,Source-structure density audit; not a time-trend or incidence analysis.
JADER,05,2012・第四,263,11,4.182509505703422,Source-structure density audit; not a time-trend or incidence analysis.
JADER,06,2012・第四,113,6,5.3097345132743365,Source-structure density audit; not a time-trend or incidence analysis.
JADER,07,2012・第四,50,1,2.0,Source-structure density audit; not a time-trend or incidence analysis.
JADER,08,2012・第四,17,0,0.0,Source-structure density audit; not a time-trend or incidence analysis.
JADER,09,2012・第四,10,0,0.0,Source-structure density audit; not a time-trend or incidence analysis.
JADER,10,2012・第四,13,0,0.0,Source-structure density audit; not a time-trend or incidence analysis.
JADER,11,2012・第四,2,0,0.0,Source-structure density audit; not a time-trend or incidence analysis.
JADER,12,2012・第四,2,0,0.0,Source-structure density audit; not a time-trend or incidence analysis.
JADER,13,2012・第四,2,0,0.0,Source-structure density audit; not a time-trend or incidence analysis.
JADER,14,2012・第四,2,0,0.0,Source-structure density audit; not a time-trend or incidence analysis.
JADER,15,2012・第四,1,0,0.0,Source-structure density audit; not a time-trend or incidence analysis.
JADER,16,2012・第四,1,0,0.0,Source-structure density audit; not a time-trend or incidence analysis.
JADER,01,2013・第一,2815,67,2.380106571936057,Source-structure density audit; not a time-trend or incidence analysis.
JADER,02,2013・第一,3926,183,4.661232806928171,Source-structure density audit; not a time-trend or incidence analysis.
JADER,03,2013・第一,1410,40,2.8368794326241136,Source-structure density audit; not a time-trend or incidence analysis.
JADER,04,2013・第一,579,24,4.1450777202072535,Source-structure density audit; not a time-trend or incidence analysis.
JADER,05,2013・第一,303,15,4.9504950495049505,Source-structure density audit; not a time-trend or incidence analysis.
JADER,06,2013・第一,115,2,1.7391304347826086,Source-structure density audit; not a time-trend or incidence analysis.
JADER,07,2013・第一,41,1,2.4390243902439024,Source-structure density audit; not a time-trend or incidence analysis.
JADER,08,2013・第一,28,0,0.0,Source-structure density audit; not a time-trend or incidence analysis.
JADER,09,2013・第一,13,0,0.0,Source-structure density audit; not a time-trend or incidence analysis.
JADER,10,2013・第一,7,0,0.0,Source-structure density audit; not a time-trend or incidence analysis.
JADER,11,2013・第一,3,0,0.0,Source-structure density audit; not a time-trend or incidence analysis.
JADER,12,2013・第一,3,0,0.0,Source-structure density audit; not a time-trend or incidence analysis.
JADER,13,2013・第一,3,0,0.0,Source-structure density audit; not a time-trend or incidence analysis.
JADER,14,2013・第一,3,0,0.0,Source-structure density audit; not a time-trend or incidence analysis.
JADER,15,2013・第一,2,0,0.0,Source-structure density audit; not a time-trend or incidence analysis.
JADER,22,2013・第一,1,0,0.0,Source-structure density audit; not a time-trend or incidence analysis.
JADER,01,2013・第三,3391,97,2.8605131229725744,Source-structure density audit; not a time-trend or incidence analysis.
JADER,02,2013・第三,4323,171,3.95558639833449,Source-structure density audit; not a time-trend or incidence analysis.
JADER,03,2013・第三,1625,38,2.3384615384615386,Source-structure density audit; not a time-trend or incidence analysis.
JADER,04,2013・第三,626,17,2.7156549520766773,Source-structure density audit; not a time-trend or incidence analysis.
JADER,05,2013・第三,310,10,3.225806451612903,Source-structure density audit; not a time-trend or incidence analysis.
JADER,06,2013・第三,129,3,2.3255813953488373,Source-structure density audit; not a time-trend or incidence analysis.
JADER,07,2013・第三,50,1,2.0,Source-structure density audit; not a time-trend or incidence analysis.
JADER,08,2013・第三,19,1,5.2631578947368425,Source-structure density audit; not a time-trend or incidence analysis.
JADER,09,2013・第三,12,0,0.0,Source-structure density audit; not a time-trend or incidence analysis.
JADER,10,2013・第三,5,0,0.0,Source-structure density audit; not a time-trend or incidence analysis.
JADER,11,2013・第三,6,0,0.0,Source-structure density audit; not a time-trend or incidence analysis.
JADER,12,2013・第三,1,0,0.0,Source-structure density audit; not a time-trend or incidence analysis.
JADER,14,2013・第三,1,0,0.0,Source-structure density audit; not a time-trend or incidence analysis.
JADER,15,2013・第三,1,0,0.0,Source-structure density audit; not a time-trend or incidence analysis.
JADER,21,2013・第三,1,0,0.0,Source-structure density audit; not a time-trend or incidence analysis.
JADER,23,2013・第三,1,0,0.0,Source-structure density audit; not a time-trend or incidence analysis.
JADER,01,2013・第二,3118,78,2.5016035920461834,Source-structure density audit; not a time-trend or incidence analysis.
JADER,02,2013・第二,3871,183,4.727460604494962,Source-structure density audit; not a time-trend or incidence analysis.
JADER,03,2013・第二,1474,33,2.2388059701492535,Source-structure density audit; not a time-trend or incidence analysis.
JADER,04,2013・第二,647,21,3.2457496136012365,Source-structure density audit; not a time-trend or incidence analysis.
JADER,05,2013・第二,320,16,5.0,Source-structure density audit; not a time-trend or incidence analysis.
JADER,06,2013・第二,111,1,0.9009009009009009,Source-structure density audit; not a time-trend or incidence analysis.
JADER,07,2013・第二,58,0,0.0,Source-structure density audit; not a time-trend or incidence analysis.
JADER,08,2013・第二,24,0,0.0,Source-structure density audit; not a time-trend or incidence analysis.
JADER,09,2013・第二,22,0,0.0,Source-structure density audit; not a time-trend or incidence analysis.
JADER,10,2013・第二,11,0,0.0,Source-structure density audit; not a time-trend or incidence analysis.
JADER,11,2013・第二,3,0,0.0,Source-structure density audit; not a time-trend or incidence analysis.
JADER,12,2013・第二,2,0,0.0,Source-structure density audit; not a time-trend or incidence analysis.
JADER,13,2013・第二,4,0,0.0,Source-structure density audit; not a time-trend or incidence analysis.
JADER,14,2013・第二,2,0,0.0,Source-structure density audit; not a time-trend or incidence analysis.
JADER,15,2013・第二,3,0,0.0,Source-structure density audit; not a time-trend or incidence analysis.
JADER,16,2013・第二,2,0,0.0,Source-structure density audit; not a time-trend or incidence analysis.
JADER,18,2013・第二,1,0,0.0,Source-structure density audit; not a time-trend or incidence analysis.
JADER,19,2013・第二,1,0,0.0,Source-structure density audit; not a time-trend or incidence analysis.
JADER,21,2013・第二,1,0,0.0,Source-structure density audit; not a time-trend or incidence analysis.
JADER,22,2013・第二,1,0,0.0,Source-structure density audit; not a time-trend or incidence analysis.
JADER,23,2013・第二,2,0,0.0,Source-structure density audit; not a time-trend or incidence analysis.
JADER,01,2013・第四,2790,107,3.835125448028674,Source-structure density audit; not a time-trend or incidence analysis.
JADER,02,2013・第四,3292,104,3.1591737545565004,Source-structure density audit; not a time-trend or incidence analysis.
JADER,03,2013・第四,1380,35,2.536231884057971,Source-structure density audit; not a time-trend or incidence analysis.
JADER,04,2013・第四,603,22,3.648424543946932,Source-structure density audit; not a time-trend or incidence analysis.
JADER,05,2013・第四,251,18,7.171314741035856,Source-structure density audit; not a time-trend or incidence analysis.
JADER,06,2013・第四,70,0,0.0,Source-structure density audit; not a time-trend or incidence analysis.
JADER,07,2013・第四,35,0,0.0,Source-structure density audit; not a time-trend or incidence analysis.
JADER,08,2013・第四,15,0,0.0,Source-structure density audit; not a time-trend or incidence analysis.
JADER,09,2013・第四,7,0,0.0,Source-structure density audit; not a time-trend or incidence analysis.
JADER,10,2013・第四,6,0,0.0,Source-structure density audit; not a time-trend or incidence analysis.
JADER,11,2013・第四,5,0,0.0,Source-structure density audit; not a time-trend or incidence analysis.
JADER,12,2013・第四,3,0,0.0,Source-structure density audit; not a time-trend or incidence analysis.
JADER,15,2013・第四,2,0,0.0,Source-structure density audit; not a time-trend or incidence analysis.
JADER,16,2013・第四,1,0,0.0,Source-structure density audit; not a time-trend or incidence analysis.
JADER,17,2013・第四,1,0,0.0,Source-structure density audit; not a time-trend or incidence analysis.
JADER,01,2014・第一,3508,135,3.8483466362599774,Source-structure density audit; not a time-trend or incidence analysis.
JADER,02,2014・第一,4132,134,3.24298160696999,Source-structure density audit; not a time-trend or incidence analysis.
JADER,03,2014・第一,1712,45,2.628504672897196,Source-structure density audit; not a time-trend or incidence analysis.
JADER,04,2014・第一,734,17,2.316076294277929,Source-structure density audit; not a time-trend or incidence analysis.
JADER,05,2014・第一,310,10,3.225806451612903,Source-structure density audit; not a time-trend or incidence analysis.
JADER,06,2014・第一,145,1,0.6896551724137931,Source-structure density audit; not a time-trend or incidence analysis.
JADER,07,2014・第一,57,0,0.0,Source-structure density audit; not a time-trend or incidence analysis.
JADER,08,2014・第一,19,0,0.0,Source-structure density audit; not a time-trend or incidence analysis.
JADER,09,2014・第一,14,0,0.0,Source-structure density audit; not a time-trend or incidence analysis.
JADER,10,2014・第一,6,0,0.0,Source-structure density audit; not a time-trend or incidence analysis.
JADER,11,2014・第一,6,0,0.0,Source-structure density audit; not a time-trend or incidence analysis.
JADER,12,2014・第一,5,0,0.0,Source-structure density audit; not a time-trend or incidence analysis.
JADER,13,2014・第一,1,0,0.0,Source-structure density audit; not a time-trend or incidence analysis.
JADER,16,2014・第一,1,0,0.0,Source-structure density audit; not a time-trend or incidence analysis.
JADER,01,2014・第三,4234,165,3.8970240906943787,Source-structure density audit; not a time-trend or incidence analysis.
JADER,02,2014・第三,4495,146,3.2480533926585093,Source-structure density audit; not a time-trend or incidence analysis.
JADER,03,2014・第三,2106,40,1.899335232668566,Source-structure density audit; not a time-trend or incidence analysis.
JADER,04,2014・第三,1012,24,2.3715415019762847,Source-structure density audit; not a time-trend or incidence analysis.
JADER,05,2014・第三,376,3,0.7978723404255319,Source-structure density audit; not a time-trend or incidence analysis.
JADER,06,2014・第三,175,1,0.5714285714285714,Source-structure density audit; not a time-trend or incidence analysis.
JADER,07,2014・第三,72,0,0.0,Source-structure density audit; not a time-trend or incidence analysis.
JADER,08,2014・第三,38,0,0.0,Source-structure density audit; not a time-trend or incidence analysis.
JADER,09,2014・第三,22,0,0.0,Source-structure density audit; not a time-trend or incidence analysis.
JADER,10,2014・第三,11,0,0.0,Source-structure density audit; not a time-trend or incidence analysis.
JADER,11,2014・第三,4,0,0.0,Source-structure density audit; not a time-trend or incidence analysis.
JADER,12,2014・第三,3,0,0.0,Source-structure density audit; not a time-trend or incidence analysis.
JADER,14,2014・第三,4,0,0.0,Source-structure density audit; not a time-trend or incidence analysis.
JADER,15,2014・第三,3,0,0.0,Source-structure density audit; not a time-trend or incidence analysis.
JADER,17,2014・第三,3,0,0.0,Source-structure density audit; not a time-trend or incidence analysis.
JADER,22,2014・第三,1,0,0.0,Source-structure density audit; not a time-trend or incidence analysis.
JADER,01,2014・第二,3560,131,3.6797752808988764,Source-structure density audit; not a time-trend or incidence analysis.
JADER,02,2014・第二,6560,136,2.073170731707317,Source-structure density audit; not a time-trend or incidence analysis.
JADER,03,2014・第二,2158,52,2.4096385542168677,Source-structure density audit; not a time-trend or incidence analysis.
JADER,04,2014・第二,944,32,3.389830508474576,Source-structure density audit; not a time-trend or incidence analysis.
JADER,05,2014・第二,386,7,1.8134715025906736,Source-structure density audit; not a time-trend or incidence analysis.
JADER,06,2014・第二,193,1,0.5181347150259067,Source-structure density audit; not a time-trend or incidence analysis.
JADER,07,2014・第二,74,1,1.3513513513513513,Source-structure density audit; not a time-trend or incidence analysis.
JADER,08,2014・第二,33,0,0.0,Source-structure density audit; not a time-trend or incidence analysis.
JADER,09,2014・第二,14,1,7.142857142857143,Source-structure density audit; not a time-trend or incidence analysis.
JADER,10,2014・第二,6,0,0.0,Source-structure density audit; not a time-trend or incidence analysis.
JADER,11,2014・第二,2,0,0.0,Source-structure density audit; not a time-trend or incidence analysis.
JADER,12,2014・第二,5,0,0.0,Source-structure density audit; not a time-trend or incidence analysis.
JADER,13,2014・第二,5,0,0.0,Source-structure density audit; not a time-trend or incidence analysis.
JADER,15,2014・第二,1,0,0.0,Source-structure density audit; not a time-trend or incidence analysis.
JADER,37,2014・第二,1,0,0.0,Source-structure density audit; not a time-trend or incidence analysis.
JADER,01,2014・第四,4028,123,3.053624627606753,Source-structure density audit; not a time-trend or incidence analysis.
JADER,02,2014・第四,3869,102,2.6363401395709487,Source-structure density audit; not a time-trend or incidence analysis.
JADER,03,2014・第四,1946,52,2.672147995889003,Source-structure density audit; not a time-trend or incidence analysis.
JADER,04,2014・第四,842,21,2.494061757719715,Source-structure density audit; not a time-trend or incidence analysis.
JADER,05,2014・第四,305,7,2.2950819672131146,Source-structure density audit; not a time-trend or incidence analysis.
JADER,06,2014・第四,111,1,0.9009009009009009,Source-structure density audit; not a time-trend or incidence analysis.
JADER,07,2014・第四,62,0,0.0,Source-structure density audit; not a time-trend or incidence analysis.
JADER,08,2014・第四,24,1,4.166666666666667,Source-structure density audit; not a time-trend or incidence analysis.
JADER,09,2014・第四,14,0,0.0,Source-structure density audit; not a time-trend or incidence analysis.
JADER,10,2014・第四,12,0,0.0,Source-structure density audit; not a time-trend or incidence analysis.
JADER,11,2014・第四,9,0,0.0,Source-structure density audit; not a time-trend or incidence analysis.
JADER,12,2014・第四,7,1,14.285714285714286,Source-structure density audit; not a time-trend or incidence analysis.
JADER,13,2014・第四,4,0,0.0,Source-structure density audit; not a time-trend or incidence analysis.
JADER,14,2014・第四,5,0,0.0,Source-structure density audit; not a time-trend or incidence analysis.
JADER,15,2014・第四,2,0,0.0,Source-structure density audit; not a time-trend or incidence analysis.
JADER,17,2014・第四,1,0,0.0,Source-structure density audit; not a time-trend or incidence analysis.
JADER,18,2014・第四,3,0,0.0,Source-structure density audit; not a time-trend or incidence analysis.
JADER,19,2014・第四,3,0,0.0,Source-structure density audit; not a time-trend or incidence analysis.
JADER,21,2014・第四,2,0,0.0,Source-structure density audit; not a time-trend or incidence analysis.
JADER,01,2015・第一,4281,148,3.4571361831347818,Source-structure density audit; not a time-trend or incidence analysis.
JADER,02,2015・第一,4240,131,3.089622641509434,Source-structure density audit; not a time-trend or incidence analysis.
JADER,03,2015・第一,1905,59,3.0971128608923886,Source-structure density audit; not a time-trend or incidence analysis.
JADER,04,2015・第一,793,21,2.648171500630517,Source-structure density audit; not a time-trend or incidence analysis.
JADER,05,2015・第一,301,6,1.9933554817275747,Source-structure density audit; not a time-trend or incidence analysis.
JADER,06,2015・第一,111,1,0.9009009009009009,Source-structure density audit; not a time-trend or incidence analysis.
JADER,07,2015・第一,57,1,1.7543859649122806,Source-structure density audit; not a time-trend or incidence analysis.
JADER,08,2015・第一,36,0,0.0,Source-structure density audit; not a time-trend or incidence analysis.
JADER,09,2015・第一,21,0,0.0,Source-structure density audit; not a time-trend or incidence analysis.
JADER,10,2015・第一,7,0,0.0,Source-structure density audit; not a time-trend or incidence analysis.
JADER,11,2015・第一,8,0,0.0,Source-structure density audit; not a time-trend or incidence analysis.
JADER,12,2015・第一,6,0,0.0,Source-structure density audit; not a time-trend or incidence analysis.
JADER,13,2015・第一,5,0,0.0,Source-structure density audit; not a time-trend or incidence analysis.
JADER,14,2015・第一,7,0,0.0,Source-structure density audit; not a time-trend or incidence analysis.
JADER,15,2015・第一,1,0,0.0,Source-structure density audit; not a time-trend or incidence analysis.
JADER,17,2015・第一,3,0,0.0,Source-structure density audit; not a time-trend or incidence analysis.
JADER,18,2015・第一,2,0,0.0,Source-structure density audit; not a time-trend or incidence analysis.
JADER,19,2015・第一,1,0,0.0,Source-structure density audit; not a time-trend or incidence analysis.
JADER,20,2015・第一,1,0,0.0,Source-structure density audit; not a time-trend or incidence analysis.
JADER,21,2015・第一,1,0,0.0,Source-structure density audit; not a time-trend or incidence analysis.
JADER,01,2015・第三,4755,171,3.5962145110410093,Source-structure density audit; not a time-trend or incidence analysis.
JADER,02,2015・第三,4754,142,2.9869583508624316,Source-structure density audit; not a time-trend or incidence analysis.
JADER,03,2015・第三,2167,73,3.368712505768343,Source-structure density audit; not a time-trend or incidence analysis.
JADER,04,2015・第三,930,23,2.4731182795698925,Source-structure density audit; not a time-trend or incidence analysis.
JADER,05,2015・第三,338,6,1.7751479289940828,Source-structure density audit; not a time-trend or incidence analysis.
JADER,06,2015・第三,145,4,2.7586206896551726,Source-structure density audit; not a time-trend or incidence analysis.
JADER,07,2015・第三,67,1,1.492537313432836,Source-structure density audit; not a time-trend or incidence analysis.
JADER,08,2015・第三,45,1,2.2222222222222223,Source-structure density audit; not a time-trend or incidence analysis.
JADER,09,2015・第三,30,0,0.0,Source-structure density audit; not a time-trend or incidence analysis.
JADER,10,2015・第三,17,0,0.0,Source-structure density audit; not a time-trend or incidence analysis.
JADER,11,2015・第三,12,0,0.0,Source-structure density audit; not a time-trend or incidence analysis.
JADER,12,2015・第三,9,0,0.0,Source-structure density audit; not a time-trend or incidence analysis.
JADER,13,2015・第三,4,0,0.0,Source-structure density audit; not a time-trend or incidence analysis.
JADER,14,2015・第三,3,0,0.0,Source-structure density audit; not a time-trend or incidence analysis.
JADER,15,2015・第三,3,0,0.0,Source-structure density audit; not a time-trend or incidence analysis.
JADER,17,2015・第三,1,0,0.0,Source-structure density audit; not a time-trend or incidence analysis.
JADER,18,2015・第三,2,0,0.0,Source-structure density audit; not a time-trend or incidence analysis.
JADER,25,2015・第三,1,0,0.0,Source-structure density audit; not a time-trend or incidence analysis.
JADER,01,2015・第二,4929,151,3.063501724487726,Source-structure density audit; not a time-trend or incidence analysis.
JADER,02,2015・第二,4332,121,2.793167128347184,Source-structure density audit; not a time-trend or incidence analysis.
JADER,03,2015・第二,2116,45,2.126654064272212,Source-structure density audit; not a time-trend or incidence analysis.
JADER,04,2015・第二,863,24,2.7809965237543453,Source-structure density audit; not a time-trend or incidence analysis.
JADER,05,2015・第二,309,4,1.2944983818770226,Source-structure density audit; not a time-trend or incidence analysis.
JADER,06,2015・第二,144,1,0.6944444444444444,Source-structure density audit; not a time-trend or incidence analysis.
JADER,07,2015・第二,81,0,0.0,Source-structure density audit; not a time-trend or incidence analysis.
JADER,08,2015・第二,29,0,0.0,Source-structure density audit; not a time-trend or incidence analysis.
JADER,09,2015・第二,18,0,0.0,Source-structure density audit; not a time-trend or incidence analysis.
JADER,10,2015・第二,12,0,0.0,Source-structure density audit; not a time-trend or incidence analysis.
JADER,11,2015・第二,11,0,0.0,Source-structure density audit; not a time-trend or incidence analysis.
JADER,12,2015・第二,8,0,0.0,Source-structure density audit; not a time-trend or incidence analysis.
JADER,13,2015・第二,3,0,0.0,Source-structure density audit; not a time-trend or incidence analysis.
JADER,14,2015・第二,5,0,0.0,Source-structure density audit; not a time-trend or incidence analysis.
JADER,16,2015・第二,4,0,0.0,Source-structure density audit; not a time-trend or incidence analysis.
JADER,17,2015・第二,3,0,0.0,Source-structure density audit; not a time-trend or incidence analysis.
JADER,18,2015・第二,1,0,0.0,Source-structure density audit; not a time-trend or incidence analysis.
JADER,20,2015・第二,1,0,0.0,Source-structure density audit; not a time-trend or incidence analysis.
JADER,25,2015・第二,1,0,0.0,Source-structure density audit; not a time-trend or incidence analysis.
JADER,01,2015・第四,4468,136,3.043867502238138,Source-structure density audit; not a time-trend or incidence analysis.
JADER,02,2015・第四,4131,113,2.7354151537158073,Source-structure density audit; not a time-trend or incidence analysis.
JADER,03,2015・第四,2012,47,2.3359840954274356,Source-structure density audit; not a time-trend or incidence analysis.
JADER,04,2015・第四,856,21,2.453271028037383,Source-structure density audit; not a time-trend or incidence analysis.
JADER,05,2015・第四,350,8,2.2857142857142856,Source-structure density audit; not a time-trend or incidence analysis.
JADER,06,2015・第四,149,0,0.0,Source-structure density audit; not a time-trend or incidence analysis.
JADER,07,2015・第四,74,0,0.0,Source-structure density audit; not a time-trend or incidence analysis.
JADER,08,2015・第四,56,1,1.7857142857142858,Source-structure density audit; not a time-trend or incidence analysis.
JADER,09,2015・第四,36,0,0.0,Source-structure density audit; not a time-trend or incidence analysis.
JADER,10,2015・第四,23,0,0.0,Source-structure density audit; not a time-trend or incidence analysis.
JADER,11,2015・第四,18,0,0.0,Source-structure density audit; not a time-trend or incidence analysis.
JADER,12,2015・第四,6,0,0.0,Source-structure density audit; not a time-trend or incidence analysis.
JADER,13,2015・第四,7,0,0.0,Source-structure density audit; not a time-trend or incidence analysis.
JADER,14,2015・第四,6,0,0.0,Source-structure density audit; not a time-trend or incidence analysis.
JADER,15,2015・第四,5,0,0.0,Source-structure density audit; not a time-trend or incidence analysis.
JADER,16,2015・第四,2,0,0.0,Source-structure density audit; not a time-trend or incidence analysis.
JADER,17,2015・第四,1,0,0.0,Source-structure density audit; not a time-trend or incidence analysis.
JADER,18,2015・第四,1,0,0.0,Source-structure density audit; not a time-trend or incidence analysis.
JADER,20,2015・第四,2,0,0.0,Source-structure density audit; not a time-trend or incidence analysis.
JADER,22,2015・第四,1,0,0.0,Source-structure density audit; not a time-trend or incidence analysis.
JADER,24,2015・第四,1,0,0.0,Source-structure density audit; not a time-trend or incidence analysis.
JADER,01,2016・第一,4899,142,2.898550724637681,Source-structure density audit; not a time-trend or incidence analysis.
JADER,02,2016・第一,4143,118,2.8481776490465847,Source-structure density audit; not a time-trend or incidence analysis.
JADER,03,2016・第一,1960,62,3.163265306122449,Source-structure density audit; not a time-trend or incidence analysis.
JADER,04,2016・第一,931,15,1.6111707841031149,Source-structure density audit; not a time-trend or incidence analysis.
JADER,05,2016・第一,380,6,1.5789473684210527,Source-structure density audit; not a time-trend or incidence analysis.
JADER,06,2016・第一,190,2,1.0526315789473684,Source-structure density audit; not a time-trend or incidence analysis.
JADER,07,2016・第一,97,1,1.0309278350515463,Source-structure density audit; not a time-trend or incidence analysis.
JADER,08,2016・第一,55,0,0.0,Source-structure density audit; not a time-trend or incidence analysis.
JADER,09,2016・第一,44,0,0.0,Source-structure density audit; not a time-trend or incidence analysis.
JADER,10,2016・第一,16,0,0.0,Source-structure density audit; not a time-trend or incidence analysis.
JADER,11,2016・第一,19,0,0.0,Source-structure density audit; not a time-trend or incidence analysis.
JADER,12,2016・第一,18,0,0.0,Source-structure density audit; not a time-trend or incidence analysis.
JADER,13,2016・第一,3,0,0.0,Source-structure density audit; not a time-trend or incidence analysis.
JADER,14,2016・第一,5,0,0.0,Source-structure density audit; not a time-trend or incidence analysis.
JADER,15,2016・第一,7,0,0.0,Source-structure density audit; not a time-trend or incidence analysis.
JADER,16,2016・第一,1,0,0.0,Source-structure density audit; not a time-trend or incidence analysis.
JADER,18,2016・第一,1,0,0.0,Source-structure density audit; not a time-trend or incidence analysis.
JADER,19,2016・第一,2,1,50.0,Source-structure density audit; not a time-trend or incidence analysis.
JADER,20,2016・第一,2,0,0.0,Source-structure density audit; not a time-trend or incidence analysis.
JADER,22,2016・第一,1,0,0.0,Source-structure density audit; not a time-trend or incidence analysis.
JADER,01,2016・第三,6117,165,2.697400686611084,Source-structure density audit; not a time-trend or incidence analysis.
JADER,02,2016・第三,4840,113,2.334710743801653,Source-structure density audit; not a time-trend or incidence analysis.
JADER,03,2016・第三,2282,71,3.1113058720420685,Source-structure density audit; not a time-trend or incidence analysis.
JADER,04,2016・第三,908,21,2.3127753303964758,Source-structure density audit; not a time-trend or incidence analysis.
JADER,05,2016・第三,409,7,1.7114914425427872,Source-structure density audit; not a time-trend or incidence analysis.
JADER,06,2016・第三,221,0,0.0,Source-structure density audit; not a time-trend or incidence analysis.
JADER,07,2016・第三,102,0,0.0,Source-structure density audit; not a time-trend or incidence analysis.
JADER,08,2016・第三,50,0,0.0,Source-structure density audit; not a time-trend or incidence analysis.
JADER,09,2016・第三,38,1,2.6315789473684212,Source-structure density audit; not a time-trend or incidence analysis.
JADER,10,2016・第三,20,0,0.0,Source-structure density audit; not a time-trend or incidence analysis.
JADER,11,2016・第三,22,0,0.0,Source-structure density audit; not a time-trend or incidence analysis.
JADER,12,2016・第三,9,0,0.0,Source-structure density audit; not a time-trend or incidence analysis.
JADER,13,2016・第三,4,0,0.0,Source-structure density audit; not a time-trend or incidence analysis.
JADER,14,2016・第三,3,0,0.0,Source-structure density audit; not a time-trend or incidence analysis.
JADER,15,2016・第三,3,0,0.0,Source-structure density audit; not a time-trend or incidence analysis.
JADER,17,2016・第三,2,0,0.0,Source-structure density audit; not a time-trend or incidence analysis.
JADER,18,2016・第三,1,0,0.0,Source-structure density audit; not a time-trend or incidence analysis.
JADER,19,2016・第三,1,0,0.0,Source-structure density audit; not a time-trend or incidence analysis.
JADER,20,2016・第三,2,0,0.0,Source-structure density audit; not a time-trend or incidence analysis.
JADER,01,2016・第二,5231,153,2.9248709615752246,Source-structure density audit; not a time-trend or incidence analysis.
JADER,02,2016・第二,4410,126,2.857142857142857,Source-structure density audit; not a time-trend or incidence analysis.
JADER,03,2016・第二,2058,60,2.9154518950437316,Source-structure density audit; not a time-trend or incidence analysis.
JADER,04,2016・第二,867,26,2.9988465974625145,Source-structure density audit; not a time-trend or incidence analysis.
JADER,05,2016・第二,327,4,1.2232415902140672,Source-structure density audit; not a time-trend or incidence analysis.
JADER,06,2016・第二,190,0,0.0,Source-structure density audit; not a time-trend or incidence analysis.
JADER,07,2016・第二,128,1,0.78125,Source-structure density audit; not a time-trend or incidence analysis.
JADER,08,2016・第二,66,0,0.0,Source-structure density audit; not a time-trend or incidence analysis.
JADER,09,2016・第二,33,0,0.0,Source-structure density audit; not a time-trend or incidence analysis.
JADER,10,2016・第二,31,1,3.225806451612903,Source-structure density audit; not a time-trend or incidence analysis.
JADER,11,2016・第二,16,0,0.0,Source-structure density audit; not a time-trend or incidence analysis.
JADER,12,2016・第二,10,0,0.0,Source-structure density audit; not a time-trend or incidence analysis.
JADER,13,2016・第二,9,0,0.0,Source-structure density audit; not a time-trend or incidence analysis.
JADER,14,2016・第二,5,0,0.0,Source-structure density audit; not a time-trend or incidence analysis.
JADER,15,2016・第二,5,0,0.0,Source-structure density audit; not a time-trend or incidence analysis.
JADER,16,2016・第二,3,0,0.0,Source-structure density audit; not a time-trend or incidence analysis.
JADER,17,2016・第二,5,0,0.0,Source-structure density audit; not a time-trend or incidence analysis.
JADER,28,2016・第二,1,0,0.0,Source-structure density audit; not a time-trend or incidence analysis.
JADER,01,2016・第四,5515,128,2.3209428830462375,Source-structure density audit; not a time-trend or incidence analysis.
JADER,02,2016・第四,4376,135,3.0850091407678244,Source-structure density audit; not a time-trend or incidence analysis.
JADER,03,2016・第四,2067,68,3.289791969037252,Source-structure density audit; not a time-trend or incidence analysis.
JADER,04,2016・第四,915,23,2.5136612021857925,Source-structure density audit; not a time-trend or incidence analysis.
JADER,05,2016・第四,357,4,1.1204481792717087,Source-structure density audit; not a time-trend or incidence analysis.
JADER,06,2016・第四,151,1,0.6622516556291391,Source-structure density audit; not a time-trend or incidence analysis.
JADER,07,2016・第四,98,1,1.0204081632653061,Source-structure density audit; not a time-trend or incidence analysis.
JADER,08,2016・第四,45,0,0.0,Source-structure density audit; not a time-trend or incidence analysis.
JADER,09,2016・第四,41,2,4.878048780487805,Source-structure density audit; not a time-trend or incidence analysis.
JADER,10,2016・第四,31,0,0.0,Source-structure density audit; not a time-trend or incidence analysis.
JADER,11,2016・第四,14,0,0.0,Source-structure density audit; not a time-trend or incidence analysis.
JADER,12,2016・第四,12,0,0.0,Source-structure density audit; not a time-trend or incidence analysis.
JADER,13,2016・第四,8,1,12.5,Source-structure density audit; not a time-trend or incidence analysis.
JADER,14,2016・第四,8,0,0.0,Source-structure density audit; not a time-trend or incidence analysis.
JADER,15,2016・第四,2,0,0.0,Source-structure density audit; not a time-trend or incidence analysis.
JADER,16,2016・第四,3,0,0.0,Source-structure density audit; not a time-trend or incidence analysis.
JADER,18,2016・第四,1,0,0.0,Source-structure density audit; not a time-trend or incidence analysis.
JADER,20,2016・第四,1,0,0.0,Source-structure density audit; not a time-trend or incidence analysis.
JADER,22,2016・第四,1,0,0.0,Source-structure density audit; not a time-trend or incidence analysis.
JADER,54,2016・第四,1,0,0.0,Source-structure density audit; not a time-trend or incidence analysis.
JADER,01,2017・第一,5916,168,2.839756592292089,Source-structure density audit; not a time-trend or incidence analysis.
JADER,02,2017・第一,4509,117,2.594810379241517,Source-structure density audit; not a time-trend or incidence analysis.
JADER,03,2017・第一,2119,61,2.878716375648891,Source-structure density audit; not a time-trend or incidence analysis.
JADER,04,2017・第一,889,23,2.5871766029246346,Source-structure density audit; not a time-trend or incidence analysis.
JADER,05,2017・第一,394,3,0.7614213197969543,Source-structure density audit; not a time-trend or incidence analysis.
JADER,06,2017・第一,184,1,0.5434782608695652,Source-structure density audit; not a time-trend or incidence analysis.
JADER,07,2017・第一,156,0,0.0,Source-structure density audit; not a time-trend or incidence analysis.
JADER,08,2017・第一,73,0,0.0,Source-structure density audit; not a time-trend or incidence analysis.
JADER,09,2017・第一,64,0,0.0,Source-structure density audit; not a time-trend or incidence analysis.
JADER,10,2017・第一,38,1,2.6315789473684212,Source-structure density audit; not a time-trend or incidence analysis.
JADER,11,2017・第一,21,0,0.0,Source-structure density audit; not a time-trend or incidence analysis.
JADER,12,2017・第一,11,0,0.0,Source-structure density audit; not a time-trend or incidence analysis.
JADER,13,2017・第一,8,0,0.0,Source-structure density audit; not a time-trend or incidence analysis.
JADER,14,2017・第一,5,0,0.0,Source-structure density audit; not a time-trend or incidence analysis.
JADER,15,2017・第一,8,0,0.0,Source-structure density audit; not a time-trend or incidence analysis.
JADER,16,2017・第一,4,0,0.0,Source-structure density audit; not a time-trend or incidence analysis.
JADER,17,2017・第一,1,0,0.0,Source-structure density audit; not a time-trend or incidence analysis.
JADER,19,2017・第一,2,0,0.0,Source-structure density audit; not a time-trend or incidence analysis.
JADER,20,2017・第一,1,0,0.0,Source-structure density audit; not a time-trend or incidence analysis.
JADER,26,2017・第一,1,0,0.0,Source-structure density audit; not a time-trend or incidence analysis.
JADER,01,2017・第三,7018,183,2.6075805072670275,Source-structure density audit; not a time-trend or incidence analysis.
JADER,02,2017・第三,5062,120,2.3706045041485577,Source-structure density audit; not a time-trend or incidence analysis.
JADER,03,2017・第三,2307,61,2.644126571304725,Source-structure density audit; not a time-trend or incidence analysis.
JADER,04,2017・第三,1067,15,1.4058106841611997,Source-structure density audit; not a time-trend or incidence analysis.
JADER,05,2017・第三,447,9,2.0134228187919465,Source-structure density audit; not a time-trend or incidence analysis.
JADER,06,2017・第三,212,1,0.4716981132075472,Source-structure density audit; not a time-trend or incidence analysis.
JADER,07,2017・第三,109,3,2.7522935779816513,Source-structure density audit; not a time-trend or incidence analysis.
JADER,08,2017・第三,63,1,1.5873015873015872,Source-structure density audit; not a time-trend or incidence analysis.
JADER,09,2017・第三,41,0,0.0,Source-structure density audit; not a time-trend or incidence analysis.
JADER,10,2017・第三,17,0,0.0,Source-structure density audit; not a time-trend or incidence analysis.
JADER,11,2017・第三,18,0,0.0,Source-structure density audit; not a time-trend or incidence analysis.
JADER,12,2017・第三,11,0,0.0,Source-structure density audit; not a time-trend or incidence analysis.
JADER,13,2017・第三,4,0,0.0,Source-structure density audit; not a time-trend or incidence analysis.
JADER,14,2017・第三,4,0,0.0,Source-structure density audit; not a time-trend or incidence analysis.
JADER,15,2017・第三,2,0,0.0,Source-structure density audit; not a time-trend or incidence analysis.
JADER,16,2017・第三,3,0,0.0,Source-structure density audit; not a time-trend or incidence analysis.
JADER,17,2017・第三,2,0,0.0,Source-structure density audit; not a time-trend or incidence analysis.
JADER,20,2017・第三,1,0,0.0,Source-structure density audit; not a time-trend or incidence analysis.
JADER,21,2017・第三,1,0,0.0,Source-structure density audit; not a time-trend or incidence analysis.
JADER,22,2017・第三,1,0,0.0,Source-structure density audit; not a time-trend or incidence analysis.
JADER,01,2017・第二,6038,159,2.6333222921497184,Source-structure density audit; not a time-trend or incidence analysis.
JADER,02,2017・第二,4378,134,3.0607583371402467,Source-structure density audit; not a time-trend or incidence analysis.
JADER,03,2017・第二,2055,93,4.525547445255475,Source-structure density audit; not a time-trend or incidence analysis.
JADER,04,2017・第二,902,29,3.2150776053215075,Source-structure density audit; not a time-trend or incidence analysis.
JADER,05,2017・第二,370,4,1.0810810810810811,Source-structure density audit; not a time-trend or incidence analysis.
JADER,06,2017・第二,227,0,0.0,Source-structure density audit; not a time-trend or incidence analysis.
JADER,07,2017・第二,135,0,0.0,Source-structure density audit; not a time-trend or incidence analysis.
JADER,08,2017・第二,89,1,1.1235955056179776,Source-structure density audit; not a time-trend or incidence analysis.
JADER,09,2017・第二,46,2,4.3478260869565215,Source-structure density audit; not a time-trend or incidence analysis.
JADER,10,2017・第二,42,0,0.0,Source-structure density audit; not a time-trend or incidence analysis.
JADER,11,2017・第二,24,0,0.0,Source-structure density audit; not a time-trend or incidence analysis.
JADER,12,2017・第二,12,0,0.0,Source-structure density audit; not a time-trend or incidence analysis.
JADER,13,2017・第二,9,0,0.0,Source-structure density audit; not a time-trend or incidence analysis.
JADER,14,2017・第二,7,0,0.0,Source-structure density audit; not a time-trend or incidence analysis.
JADER,15,2017・第二,5,0,0.0,Source-structure density audit; not a time-trend or incidence analysis.
JADER,16,2017・第二,1,0,0.0,Source-structure density audit; not a time-trend or incidence analysis.
JADER,17,2017・第二,1,0,0.0,Source-structure density audit; not a time-trend or incidence analysis.
JADER,18,2017・第二,1,0,0.0,Source-structure density audit; not a time-trend or incidence analysis.
JADER,20,2017・第二,1,0,0.0,Source-structure density audit; not a time-trend or incidence analysis.
JADER,22,2017・第二,1,0,0.0,Source-structure density audit; not a time-trend or incidence analysis.
JADER,30,2017・第二,1,0,0.0,Source-structure density audit; not a time-trend or incidence analysis.
JADER,01,2017・第四,6396,138,2.1575984990619137,Source-structure density audit; not a time-trend or incidence analysis.
JADER,02,2017・第四,4654,114,2.449505801461109,Source-structure density audit; not a time-trend or incidence analysis.
JADER,03,2017・第四,2196,67,3.051001821493625,Source-structure density audit; not a time-trend or incidence analysis.
JADER,04,2017・第四,929,18,1.9375672766415502,Source-structure density audit; not a time-trend or incidence analysis.
JADER,05,2017・第四,427,10,2.34192037470726,Source-structure density audit; not a time-trend or incidence analysis.
JADER,06,2017・第四,219,3,1.36986301369863,Source-structure density audit; not a time-trend or incidence analysis.
JADER,07,2017・第四,105,1,0.9523809523809523,Source-structure density audit; not a time-trend or incidence analysis.
JADER,08,2017・第四,46,0,0.0,Source-structure density audit; not a time-trend or incidence analysis.
JADER,09,2017・第四,30,0,0.0,Source-structure density audit; not a time-trend or incidence analysis.
JADER,10,2017・第四,16,0,0.0,Source-structure density audit; not a time-trend or incidence analysis.
JADER,11,2017・第四,11,0,0.0,Source-structure density audit; not a time-trend or incidence analysis.
JADER,12,2017・第四,3,0,0.0,Source-structure density audit; not a time-trend or incidence analysis.
JADER,13,2017・第四,2,0,0.0,Source-structure density audit; not a time-trend or incidence analysis.
JADER,15,2017・第四,3,0,0.0,Source-structure density audit; not a time-trend or incidence analysis.
JADER,16,2017・第四,2,0,0.0,Source-structure density audit; not a time-trend or incidence analysis.
JADER,29,2017・第四,1,0,0.0,Source-structure density audit; not a time-trend or incidence analysis.
JADER,33,2017・第四,1,0,0.0,Source-structure density audit; not a time-trend or incidence analysis.
JADER,35,2017・第四,1,0,0.0,Source-structure density audit; not a time-trend or incidence analysis.
JADER,01,2018・第一,6427,152,2.365022561070484,Source-structure density audit; not a time-trend or incidence analysis.
JADER,02,2018・第一,4713,111,2.3551877784850412,Source-structure density audit; not a time-trend or incidence analysis.
JADER,03,2018・第一,2242,75,3.3452274754683318,Source-structure density audit; not a time-trend or incidence analysis.
JADER,04,2018・第一,982,19,1.934826883910387,Source-structure density audit; not a time-trend or incidence analysis.
JADER,05,2018・第一,391,11,2.813299232736573,Source-structure density audit; not a time-trend or incidence analysis.
JADER,06,2018・第一,183,1,0.546448087431694,Source-structure density audit; not a time-trend or incidence analysis.
JADER,07,2018・第一,116,2,1.7241379310344827,Source-structure density audit; not a time-trend or incidence analysis.
JADER,08,2018・第一,58,0,0.0,Source-structure density audit; not a time-trend or incidence analysis.
JADER,09,2018・第一,35,1,2.857142857142857,Source-structure density audit; not a time-trend or incidence analysis.
JADER,10,2018・第一,18,0,0.0,Source-structure density audit; not a time-trend or incidence analysis.
JADER,11,2018・第一,11,0,0.0,Source-structure density audit; not a time-trend or incidence analysis.
JADER,12,2018・第一,6,0,0.0,Source-structure density audit; not a time-trend or incidence analysis.
JADER,13,2018・第一,5,0,0.0,Source-structure density audit; not a time-trend or incidence analysis.
JADER,14,2018・第一,2,0,0.0,Source-structure density audit; not a time-trend or incidence analysis.
JADER,15,2018・第一,5,0,0.0,Source-structure density audit; not a time-trend or incidence analysis.
JADER,16,2018・第一,2,0,0.0,Source-structure density audit; not a time-trend or incidence analysis.
JADER,17,2018・第一,1,0,0.0,Source-structure density audit; not a time-trend or incidence analysis.
JADER,18,2018・第一,1,0,0.0,Source-structure density audit; not a time-trend or incidence analysis.
JADER,25,2018・第一,1,0,0.0,Source-structure density audit; not a time-trend or incidence analysis.
JADER,31,2018・第一,1,0,0.0,Source-structure density audit; not a time-trend or incidence analysis.
JADER,38,2018・第一,1,0,0.0,Source-structure density audit; not a time-trend or incidence analysis.
JADER,01,2018・第三,7833,162,2.068173113749521,Source-structure density audit; not a time-trend or incidence analysis.
JADER,02,2018・第三,4914,140,2.849002849002849,Source-structure density audit; not a time-trend or incidence analysis.
JADER,03,2018・第三,2290,81,3.537117903930131,Source-structure density audit; not a time-trend or incidence analysis.
JADER,04,2018・第三,968,19,1.962809917355372,Source-structure density audit; not a time-trend or incidence analysis.
JADER,05,2018・第三,478,1,0.20920502092050208,Source-structure density audit; not a time-trend or incidence analysis.
JADER,06,2018・第三,202,1,0.49504950495049505,Source-structure density audit; not a time-trend or incidence analysis.
JADER,07,2018・第三,96,0,0.0,Source-structure density audit; not a time-trend or incidence analysis.
JADER,08,2018・第三,55,0,0.0,Source-structure density audit; not a time-trend or incidence analysis.
JADER,09,2018・第三,35,0,0.0,Source-structure density audit; not a time-trend or incidence analysis.
JADER,10,2018・第三,32,0,0.0,Source-structure density audit; not a time-trend or incidence analysis.
JADER,11,2018・第三,10,0,0.0,Source-structure density audit; not a time-trend or incidence analysis.
JADER,12,2018・第三,5,0,0.0,Source-structure density audit; not a time-trend or incidence analysis.
JADER,13,2018・第三,6,0,0.0,Source-structure density audit; not a time-trend or incidence analysis.
JADER,14,2018・第三,1,0,0.0,Source-structure density audit; not a time-trend or incidence analysis.
JADER,15,2018・第三,3,0,0.0,Source-structure density audit; not a time-trend or incidence analysis.
JADER,16,2018・第三,2,0,0.0,Source-structure density audit; not a time-trend or incidence analysis.
JADER,19,2018・第三,1,0,0.0,Source-structure density audit; not a time-trend or incidence analysis.
JADER,20,2018・第三,2,0,0.0,Source-structure density audit; not a time-trend or incidence analysis.
JADER,24,2018・第三,1,0,0.0,Source-structure density audit; not a time-trend or incidence analysis.
JADER,25,2018・第三,1,0,0.0,Source-structure density audit; not a time-trend or incidence analysis.
JADER,29,2018・第三,1,0,0.0,Source-structure density audit; not a time-trend or incidence analysis.
JADER,01,2018・第二,6763,173,2.5580363743900634,Source-structure density audit; not a time-trend or incidence analysis.
JADER,02,2018・第二,4446,118,2.654071075123707,Source-structure density audit; not a time-trend or incidence analysis.
JADER,03,2018・第二,2112,64,3.0303030303030303,Source-structure density audit; not a time-trend or incidence analysis.
JADER,04,2018・第二,911,26,2.854006586169045,Source-structure density audit; not a time-trend or incidence analysis.
JADER,05,2018・第二,368,6,1.6304347826086956,Source-structure density audit; not a time-trend or incidence analysis.
JADER,06,2018・第二,176,2,1.1363636363636365,Source-structure density audit; not a time-trend or incidence analysis.
JADER,07,2018・第二,91,0,0.0,Source-structure density audit; not a time-trend or incidence analysis.
JADER,08,2018・第二,48,0,0.0,Source-structure density audit; not a time-trend or incidence analysis.
JADER,09,2018・第二,26,0,0.0,Source-structure density audit; not a time-trend or incidence analysis.
JADER,10,2018・第二,14,0,0.0,Source-structure density audit; not a time-trend or incidence analysis.
JADER,11,2018・第二,7,0,0.0,Source-structure density audit; not a time-trend or incidence analysis.
JADER,12,2018・第二,5,0,0.0,Source-structure density audit; not a time-trend or incidence analysis.
JADER,13,2018・第二,1,0,0.0,Source-structure density audit; not a time-trend or incidence analysis.
JADER,14,2018・第二,3,0,0.0,Source-structure density audit; not a time-trend or incidence analysis.
JADER,15,2018・第二,3,0,0.0,Source-structure density audit; not a time-trend or incidence analysis.
JADER,16,2018・第二,2,0,0.0,Source-structure density audit; not a time-trend or incidence analysis.
JADER,17,2018・第二,1,0,0.0,Source-structure density audit; not a time-trend or incidence analysis.
JADER,18,2018・第二,2,0,0.0,Source-structure density audit; not a time-trend or incidence analysis.
JADER,25,2018・第二,1,0,0.0,Source-structure density audit; not a time-trend or incidence analysis.
JADER,01,2018・第四,6248,138,2.208706786171575,Source-structure density audit; not a time-trend or incidence analysis.
JADER,02,2018・第四,4239,153,3.6093418259023355,Source-structure density audit; not a time-trend or incidence analysis.
JADER,03,2018・第四,2019,69,3.4175334323922733,Source-structure density audit; not a time-trend or incidence analysis.
JADER,04,2018・第四,860,20,2.3255813953488373,Source-structure density audit; not a time-trend or incidence analysis.
JADER,05,2018・第四,387,7,1.8087855297157622,Source-structure density audit; not a time-trend or incidence analysis.
JADER,06,2018・第四,216,2,0.9259259259259259,Source-structure density audit; not a time-trend or incidence analysis.
JADER,07,2018・第四,103,1,0.970873786407767,Source-structure density audit; not a time-trend or incidence analysis.
JADER,08,2018・第四,62,0,0.0,Source-structure density audit; not a time-trend or incidence analysis.
JADER,09,2018・第四,25,0,0.0,Source-structure density audit; not a time-trend or incidence analysis.
JADER,10,2018・第四,23,0,0.0,Source-structure density audit; not a time-trend or incidence analysis.
JADER,11,2018・第四,17,0,0.0,Source-structure density audit; not a time-trend or incidence analysis.
JADER,12,2018・第四,11,0,0.0,Source-structure density audit; not a time-trend or incidence analysis.
JADER,13,2018・第四,8,0,0.0,Source-structure density audit; not a time-trend or incidence analysis.
JADER,14,2018・第四,3,0,0.0,Source-structure density audit; not a time-trend or incidence analysis.
JADER,15,2018・第四,3,0,0.0,Source-structure density audit; not a time-trend or incidence analysis.
JADER,16,2018・第四,3,0,0.0,Source-structure density audit; not a time-trend or incidence analysis.
JADER,17,2018・第四,2,0,0.0,Source-structure density audit; not a time-trend or incidence analysis.
JADER,22,2018・第四,1,0,0.0,Source-structure density audit; not a time-trend or incidence analysis.
JADER,41,2018・第四,1,0,0.0,Source-structure density audit; not a time-trend or incidence analysis.
JADER,01,2019・第一,6702,148,2.2082960310355118,Source-structure density audit; not a time-trend or incidence analysis.
JADER,02,2019・第一,4409,114,2.5856203220684963,Source-structure density audit; not a time-trend or incidence analysis.
JADER,03,2019・第一,2161,64,2.9615918556223972,Source-structure density audit; not a time-trend or incidence analysis.
JADER,04,2019・第一,879,17,1.9340159271899886,Source-structure density audit; not a time-trend or incidence analysis.
JADER,05,2019・第一,362,3,0.8287292817679558,Source-structure density audit; not a time-trend or incidence analysis.
JADER,06,2019・第一,201,0,0.0,Source-structure density audit; not a time-trend or incidence analysis.
JADER,07,2019・第一,132,1,0.7575757575757576,Source-structure density audit; not a time-trend or incidence analysis.
JADER,08,2019・第一,55,1,1.8181818181818181,Source-structure density audit; not a time-trend or incidence analysis.
JADER,09,2019・第一,41,0,0.0,Source-structure density audit; not a time-trend or incidence analysis.
JADER,10,2019・第一,25,0,0.0,Source-structure density audit; not a time-trend or incidence analysis.
JADER,11,2019・第一,18,0,0.0,Source-structure density audit; not a time-trend or incidence analysis.
JADER,12,2019・第一,7,0,0.0,Source-structure density audit; not a time-trend or incidence analysis.
JADER,13,2019・第一,4,0,0.0,Source-structure density audit; not a time-trend or incidence analysis.
JADER,14,2019・第一,4,0,0.0,Source-structure density audit; not a time-trend or incidence analysis.
JADER,15,2019・第一,3,0,0.0,Source-structure density audit; not a time-trend or incidence analysis.
JADER,16,2019・第一,4,0,0.0,Source-structure density audit; not a time-trend or incidence analysis.
JADER,17,2019・第一,2,0,0.0,Source-structure density audit; not a time-trend or incidence analysis.
JADER,18,2019・第一,1,0,0.0,Source-structure density audit; not a time-trend or incidence analysis.
JADER,19,2019・第一,1,0,0.0,Source-structure density audit; not a time-trend or incidence analysis.
JADER,20,2019・第一,1,0,0.0,Source-structure density audit; not a time-trend or incidence analysis.
JADER,21,2019・第一,3,0,0.0,Source-structure density audit; not a time-trend or incidence analysis.
JADER,01,2019・第三,7809,195,2.4971187091817133,Source-structure density audit; not a time-trend or incidence analysis.
JADER,02,2019・第三,4977,148,2.9736789230460117,Source-structure density audit; not a time-trend or incidence analysis.
JADER,03,2019・第三,2347,70,2.982530890498509,Source-structure density audit; not a time-trend or incidence analysis.
JADER,04,2019・第三,939,27,2.8753993610223643,Source-structure density audit; not a time-trend or incidence analysis.
JADER,05,2019・第三,334,2,0.5988023952095808,Source-structure density audit; not a time-trend or incidence analysis.
JADER,06,2019・第三,169,2,1.183431952662722,Source-structure density audit; not a time-trend or incidence analysis.
JADER,07,2019・第三,103,0,0.0,Source-structure density audit; not a time-trend or incidence analysis.
JADER,08,2019・第三,62,1,1.6129032258064515,Source-structure density audit; not a time-trend or incidence analysis.
JADER,09,2019・第三,37,0,0.0,Source-structure density audit; not a time-trend or incidence analysis.
JADER,10,2019・第三,23,0,0.0,Source-structure density audit; not a time-trend or incidence analysis.
JADER,11,2019・第三,20,0,0.0,Source-structure density audit; not a time-trend or incidence analysis.
JADER,12,2019・第三,8,0,0.0,Source-structure density audit; not a time-trend or incidence analysis.
JADER,13,2019・第三,4,0,0.0,Source-structure density audit; not a time-trend or incidence analysis.
JADER,14,2019・第三,6,0,0.0,Source-structure density audit; not a time-trend or incidence analysis.
JADER,15,2019・第三,4,0,0.0,Source-structure density audit; not a time-trend or incidence analysis.
JADER,16,2019・第三,1,0,0.0,Source-structure density audit; not a time-trend or incidence analysis.
JADER,17,2019・第三,3,0,0.0,Source-structure density audit; not a time-trend or incidence analysis.
JADER,18,2019・第三,3,0,0.0,Source-structure density audit; not a time-trend or incidence analysis.
JADER,19,2019・第三,1,0,0.0,Source-structure density audit; not a time-trend or incidence analysis.
JADER,21,2019・第三,1,0,0.0,Source-structure density audit; not a time-trend or incidence analysis.
JADER,22,2019・第三,1,0,0.0,Source-structure density audit; not a time-trend or incidence analysis.
JADER,23,2019・第三,1,0,0.0,Source-structure density audit; not a time-trend or incidence analysis.
JADER,01,2019・第二,6813,157,2.304418024365184,Source-structure density audit; not a time-trend or incidence analysis.
JADER,02,2019・第二,4525,102,2.25414364640884,Source-structure density audit; not a time-trend or incidence analysis.
JADER,03,2019・第二,2248,85,3.781138790035587,Source-structure density audit; not a time-trend or incidence analysis.
JADER,04,2019・第二,936,25,2.6709401709401708,Source-structure density audit; not a time-trend or incidence analysis.
JADER,05,2019・第二,360,1,0.2777777777777778,Source-structure density audit; not a time-trend or incidence analysis.
JADER,06,2019・第二,203,2,0.9852216748768473,Source-structure density audit; not a time-trend or incidence analysis.
JADER,07,2019・第二,95,0,0.0,Source-structure density audit; not a time-trend or incidence analysis.
JADER,08,2019・第二,75,0,0.0,Source-structure density audit; not a time-trend or incidence analysis.
JADER,09,2019・第二,38,2,5.2631578947368425,Source-structure density audit; not a time-trend or incidence analysis.
JADER,10,2019・第二,28,0,0.0,Source-structure density audit; not a time-trend or incidence analysis.
JADER,11,2019・第二,18,0,0.0,Source-structure density audit; not a time-trend or incidence analysis.
JADER,12,2019・第二,11,0,0.0,Source-structure density audit; not a time-trend or incidence analysis.
JADER,13,2019・第二,8,0,0.0,Source-structure density audit; not a time-trend or incidence analysis.
JADER,14,2019・第二,8,0,0.0,Source-structure density audit; not a time-trend or incidence analysis.
JADER,15,2019・第二,4,0,0.0,Source-structure density audit; not a time-trend or incidence analysis.
JADER,16,2019・第二,8,0,0.0,Source-structure density audit; not a time-trend or incidence analysis.
JADER,17,2019・第二,1,0,0.0,Source-structure density audit; not a time-trend or incidence analysis.
JADER,18,2019・第二,4,0,0.0,Source-structure density audit; not a time-trend or incidence analysis.
JADER,19,2019・第二,1,0,0.0,Source-structure density audit; not a time-trend or incidence analysis.
JADER,20,2019・第二,1,0,0.0,Source-structure density audit; not a time-trend or incidence analysis.
JADER,21,2019・第二,2,0,0.0,Source-structure density audit; not a time-trend or incidence analysis.
JADER,23,2019・第二,1,0,0.0,Source-structure density audit; not a time-trend or incidence analysis.
JADER,26,2019・第二,1,0,0.0,Source-structure density audit; not a time-trend or incidence analysis.
JADER,28,2019・第二,1,0,0.0,Source-structure density audit; not a time-trend or incidence analysis.
JADER,83,2019・第二,1,0,0.0,Source-structure density audit; not a time-trend or incidence analysis.
JADER,01,2019・第四,6333,153,2.4159166271909047,Source-structure density audit; not a time-trend or incidence analysis.
JADER,02,2019・第四,3823,88,2.301857180224954,Source-structure density audit; not a time-trend or incidence analysis.
JADER,03,2019・第四,1728,44,2.5462962962962963,Source-structure density audit; not a time-trend or incidence analysis.
JADER,04,2019・第四,675,22,3.259259259259259,Source-structure density audit; not a time-trend or incidence analysis.
JADER,05,2019・第四,300,2,0.6666666666666666,Source-structure density audit; not a time-trend or incidence analysis.
JADER,06,2019・第四,129,2,1.550387596899225,Source-structure density audit; not a time-trend or incidence analysis.
JADER,07,2019・第四,73,0,0.0,Source-structure density audit; not a time-trend or incidence analysis.
JADER,08,2019・第四,45,0,0.0,Source-structure density audit; not a time-trend or incidence analysis.
JADER,09,2019・第四,31,0,0.0,Source-structure density audit; not a time-trend or incidence analysis.
JADER,10,2019・第四,19,0,0.0,Source-structure density audit; not a time-trend or incidence analysis.
JADER,11,2019・第四,15,0,0.0,Source-structure density audit; not a time-trend or incidence analysis.
JADER,12,2019・第四,14,0,0.0,Source-structure density audit; not a time-trend or incidence analysis.
JADER,13,2019・第四,10,0,0.0,Source-structure density audit; not a time-trend or incidence analysis.
JADER,14,2019・第四,3,0,0.0,Source-structure density audit; not a time-trend or incidence analysis.
JADER,15,2019・第四,4,0,0.0,Source-structure density audit; not a time-trend or incidence analysis.
JADER,16,2019・第四,3,0,0.0,Source-structure density audit; not a time-trend or incidence analysis.
JADER,17,2019・第四,5,0,0.0,Source-structure density audit; not a time-trend or incidence analysis.
JADER,18,2019・第四,2,0,0.0,Source-structure density audit; not a time-trend or incidence analysis.
JADER,19,2019・第四,1,0,0.0,Source-structure density audit; not a time-trend or incidence analysis.
JADER,20,2019・第四,1,0,0.0,Source-structure density audit; not a time-trend or incidence analysis.
JADER,22,2019・第四,2,0,0.0,Source-structure density audit; not a time-trend or incidence analysis.
JADER,23,2019・第四,1,0,0.0,Source-structure density audit; not a time-trend or incidence analysis.
JADER,35,2019・第四,1,0,0.0,Source-structure density audit; not a time-trend or incidence analysis.
JADER,41,2019・第四,1,0,0.0,Source-structure density audit; not a time-trend or incidence analysis.
JADER,55,2019・第四,1,0,0.0,Source-structure density audit; not a time-trend or incidence analysis.
JADER,01,2020・第一,4260,92,2.15962441314554,Source-structure density audit; not a time-trend or incidence analysis.
JADER,02,2020・第一,2459,68,2.7653517690117932,Source-structure density audit; not a time-trend or incidence analysis.
JADER,03,2020・第一,1302,75,5.76036866359447,Source-structure density audit; not a time-trend or incidence analysis.
JADER,04,2020・第一,509,14,2.75049115913556,Source-structure density audit; not a time-trend or incidence analysis.
JADER,05,2020・第一,195,1,0.5128205128205128,Source-structure density audit; not a time-trend or incidence analysis.
JADER,06,2020・第一,93,0,0.0,Source-structure density audit; not a time-trend or incidence analysis.
JADER,07,2020・第一,65,0,0.0,Source-structure density audit; not a time-trend or incidence analysis.
JADER,08,2020・第一,36,0,0.0,Source-structure density audit; not a time-trend or incidence analysis.
JADER,09,2020・第一,27,0,0.0,Source-structure density audit; not a time-trend or incidence analysis.
JADER,10,2020・第一,10,0,0.0,Source-structure density audit; not a time-trend or incidence analysis.
JADER,11,2020・第一,11,0,0.0,Source-structure density audit; not a time-trend or incidence analysis.
JADER,12,2020・第一,7,0,0.0,Source-structure density audit; not a time-trend or incidence analysis.
JADER,13,2020・第一,10,0,0.0,Source-structure density audit; not a time-trend or incidence analysis.
JADER,14,2020・第一,5,0,0.0,Source-structure density audit; not a time-trend or incidence analysis.
JADER,15,2020・第一,1,0,0.0,Source-structure density audit; not a time-trend or incidence analysis.
JADER,16,2020・第一,2,0,0.0,Source-structure density audit; not a time-trend or incidence analysis.
JADER,17,2020・第一,1,0,0.0,Source-structure density audit; not a time-trend or incidence analysis.
JADER,18,2020・第一,3,0,0.0,Source-structure density audit; not a time-trend or incidence analysis.
JADER,19,2020・第一,1,0,0.0,Source-structure density audit; not a time-trend or incidence analysis.
JADER,20,2020・第一,2,0,0.0,Source-structure density audit; not a time-trend or incidence analysis.
JADER,23,2020・第一,3,0,0.0,Source-structure density audit; not a time-trend or incidence analysis.
JADER,24,2020・第一,1,0,0.0,Source-structure density audit; not a time-trend or incidence analysis.
JADER,26,2020・第一,1,0,0.0,Source-structure density audit; not a time-trend or incidence analysis.
JADER,27,2020・第一,2,0,0.0,Source-structure density audit; not a time-trend or incidence analysis.
JADER,28,2020・第一,1,0,0.0,Source-structure density audit; not a time-trend or incidence analysis.
JADER,29,2020・第一,1,0,0.0,Source-structure density audit; not a time-trend or incidence analysis.
JADER,30,2020・第一,1,0,0.0,Source-structure density audit; not a time-trend or incidence analysis.
JADER,42,2020・第一,1,0,0.0,Source-structure density audit; not a time-trend or incidence analysis.
JADER,46,2020・第一,1,0,0.0,Source-structure density audit; not a time-trend or incidence analysis.
JADER,69,2020・第一,1,0,0.0,Source-structure density audit; not a time-trend or incidence analysis.
JADER,01,2020・第三,7663,144,1.8791595980686415,Source-structure density audit; not a time-trend or incidence analysis.
JADER,02,2020・第三,4466,114,2.552619793999104,Source-structure density audit; not a time-trend or incidence analysis.
JADER,03,2020・第三,2104,63,2.994296577946768,Source-structure density audit; not a time-trend or incidence analysis.
JADER,04,2020・第三,849,18,2.1201413427561837,Source-structure density audit; not a time-trend or incidence analysis.
JADER,05,2020・第三,339,2,0.5899705014749262,Source-structure density audit; not a time-trend or incidence analysis.
JADER,06,2020・第三,175,2,1.1428571428571428,Source-structure density audit; not a time-trend or incidence analysis.
JADER,07,2020・第三,120,0,0.0,Source-structure density audit; not a time-trend or incidence analysis.
JADER,08,2020・第三,77,1,1.2987012987012987,Source-structure density audit; not a time-trend or incidence analysis.
JADER,09,2020・第三,38,0,0.0,Source-structure density audit; not a time-trend or incidence analysis.
JADER,10,2020・第三,30,0,0.0,Source-structure density audit; not a time-trend or incidence analysis.
JADER,11,2020・第三,24,0,0.0,Source-structure density audit; not a time-trend or incidence analysis.
JADER,12,2020・第三,15,0,0.0,Source-structure density audit; not a time-trend or incidence analysis.
JADER,13,2020・第三,13,0,0.0,Source-structure density audit; not a time-trend or incidence analysis.
JADER,14,2020・第三,10,0,0.0,Source-structure density audit; not a time-trend or incidence analysis.
JADER,15,2020・第三,5,0,0.0,Source-structure density audit; not a time-trend or incidence analysis.
JADER,16,2020・第三,5,0,0.0,Source-structure density audit; not a time-trend or incidence analysis.
JADER,17,2020・第三,2,0,0.0,Source-structure density audit; not a time-trend or incidence analysis.
JADER,18,2020・第三,3,0,0.0,Source-structure density audit; not a time-trend or incidence analysis.
JADER,19,2020・第三,1,0,0.0,Source-structure density audit; not a time-trend or incidence analysis.
JADER,20,2020・第三,3,0,0.0,Source-structure density audit; not a time-trend or incidence analysis.
JADER,22,2020・第三,3,0,0.0,Source-structure density audit; not a time-trend or incidence analysis.
JADER,23,2020・第三,2,0,0.0,Source-structure density audit; not a time-trend or incidence analysis.
JADER,24,2020・第三,2,0,0.0,Source-structure density audit; not a time-trend or incidence analysis.
JADER,25,2020・第三,1,0,0.0,Source-structure density audit; not a time-trend or incidence analysis.
JADER,27,2020・第三,1,0,0.0,Source-structure density audit; not a time-trend or incidence analysis.
JADER,28,2020・第三,1,0,0.0,Source-structure density audit; not a time-trend or incidence analysis.
JADER,29,2020・第三,1,0,0.0,Source-structure density audit; not a time-trend or incidence analysis.
JADER,32,2020・第三,1,0,0.0,Source-structure density audit; not a time-trend or incidence analysis.
JADER,01,2020・第二,5681,99,1.74265094173561,Source-structure density audit; not a time-trend or incidence analysis.
JADER,02,2020・第二,3408,76,2.2300469483568075,Source-structure density audit; not a time-trend or incidence analysis.
JADER,03,2020・第二,1770,57,3.2203389830508473,Source-structure density audit; not a time-trend or incidence analysis.
JADER,04,2020・第二,647,9,1.3910355486862442,Source-structure density audit; not a time-trend or incidence analysis.
JADER,05,2020・第二,313,3,0.9584664536741214,Source-structure density audit; not a time-trend or incidence analysis.
JADER,06,2020・第二,160,0,0.0,Source-structure density audit; not a time-trend or incidence analysis.
JADER,07,2020・第二,93,2,2.150537634408602,Source-structure density audit; not a time-trend or incidence analysis.
JADER,08,2020・第二,51,0,0.0,Source-structure density audit; not a time-trend or incidence analysis.
JADER,09,2020・第二,40,0,0.0,Source-structure density audit; not a time-trend or incidence analysis.
JADER,10,2020・第二,22,0,0.0,Source-structure density audit; not a time-trend or incidence analysis.
JADER,11,2020・第二,22,0,0.0,Source-structure density audit; not a time-trend or incidence analysis.
JADER,12,2020・第二,6,0,0.0,Source-structure density audit; not a time-trend or incidence analysis.
JADER,13,2020・第二,15,0,0.0,Source-structure density audit; not a time-trend or incidence analysis.
JADER,14,2020・第二,11,0,0.0,Source-structure density audit; not a time-trend or incidence analysis.
JADER,15,2020・第二,3,0,0.0,Source-structure density audit; not a time-trend or incidence analysis.
JADER,16,2020・第二,5,0,0.0,Source-structure density audit; not a time-trend or incidence analysis.
JADER,17,2020・第二,4,0,0.0,Source-structure density audit; not a time-trend or incidence analysis.
JADER,18,2020・第二,5,0,0.0,Source-structure density audit; not a time-trend or incidence analysis.
JADER,19,2020・第二,2,0,0.0,Source-structure density audit; not a time-trend or incidence analysis.
JADER,21,2020・第二,1,0,0.0,Source-structure density audit; not a time-trend or incidence analysis.
JADER,22,2020・第二,1,0,0.0,Source-structure density audit; not a time-trend or incidence analysis.
JADER,23,2020・第二,2,0,0.0,Source-structure density audit; not a time-trend or incidence analysis.
JADER,25,2020・第二,1,0,0.0,Source-structure density audit; not a time-trend or incidence analysis.
JADER,32,2020・第二,1,0,0.0,Source-structure density audit; not a time-trend or incidence analysis.
JADER,01,2020・第四,6406,226,3.5279425538557603,Source-structure density audit; not a time-trend or incidence analysis.
JADER,02,2020・第四,4196,131,3.1220209723546235,Source-structure density audit; not a time-trend or incidence analysis.
JADER,03,2020・第四,2179,117,5.369435520881138,Source-structure density audit; not a time-trend or incidence analysis.
JADER,04,2020・第四,829,29,3.4981905910735827,Source-structure density audit; not a time-trend or incidence analysis.
JADER,05,2020・第四,403,17,4.218362282878412,Source-structure density audit; not a time-trend or incidence analysis.
JADER,06,2020・第四,171,1,0.5847953216374269,Source-structure density audit; not a time-trend or incidence analysis.
JADER,07,2020・第四,116,1,0.8620689655172413,Source-structure density audit; not a time-trend or incidence analysis.
JADER,08,2020・第四,61,0,0.0,Source-structure density audit; not a time-trend or incidence analysis.
JADER,09,2020・第四,39,1,2.5641025641025643,Source-structure density audit; not a time-trend or incidence analysis.
JADER,10,2020・第四,22,0,0.0,Source-structure density audit; not a time-trend or incidence analysis.
JADER,11,2020・第四,21,0,0.0,Source-structure density audit; not a time-trend or incidence analysis.
JADER,12,2020・第四,10,0,0.0,Source-structure density audit; not a time-trend or incidence analysis.
JADER,13,2020・第四,17,0,0.0,Source-structure density audit; not a time-trend or incidence analysis.
JADER,14,2020・第四,8,0,0.0,Source-structure density audit; not a time-trend or incidence analysis.
JADER,15,2020・第四,3,0,0.0,Source-structure density audit; not a time-trend or incidence analysis.
JADER,16,2020・第四,1,0,0.0,Source-structure density audit; not a time-trend or incidence analysis.
JADER,17,2020・第四,1,0,0.0,Source-structure density audit; not a time-trend or incidence analysis.
JADER,18,2020・第四,2,0,0.0,Source-structure density audit; not a time-trend or incidence analysis.
JADER,19,2020・第四,2,0,0.0,Source-structure density audit; not a time-trend or incidence analysis.
JADER,20,2020・第四,1,0,0.0,Source-structure density audit; not a time-trend or incidence analysis.
JADER,22,2020・第四,3,0,0.0,Source-structure density audit; not a time-trend or incidence analysis.
JADER,23,2020・第四,1,0,0.0,Source-structure density audit; not a time-trend or incidence analysis.
JADER,24,2020・第四,1,0,0.0,Source-structure density audit; not a time-trend or incidence analysis.
JADER,27,2020・第四,2,0,0.0,Source-structure density audit; not a time-trend or incidence analysis.
JADER,32,2020・第四,1,0,0.0,Source-structure density audit; not a time-trend or incidence analysis.
JADER,45,2020・第四,1,0,0.0,Source-structure density audit; not a time-trend or incidence analysis.
JADER,58,2020・第四,1,0,0.0,Source-structure density audit; not a time-trend or incidence analysis.
JADER,01,2021・第一,8669,706,8.143961241204291,Source-structure density audit; not a time-trend or incidence analysis.
JADER,02,2021・第一,6416,682,10.629675810473815,Source-structure density audit; not a time-trend or incidence analysis.
JADER,03,2021・第一,3137,423,13.484220592923174,Source-structure density audit; not a time-trend or incidence analysis.
JADER,04,2021・第一,1170,135,11.538461538461538,Source-structure density audit; not a time-trend or incidence analysis.
JADER,05,2021・第一,437,40,9.153318077803204,Source-structure density audit; not a time-trend or incidence analysis.
JADER,06,2021・第一,220,10,4.545454545454546,Source-structure density audit; not a time-trend or incidence analysis.
JADER,07,2021・第一,135,4,2.962962962962963,Source-structure density audit; not a time-trend or incidence analysis.
JADER,08,2021・第一,76,1,1.3157894736842106,Source-structure density audit; not a time-trend or incidence analysis.
JADER,09,2021・第一,60,1,1.6666666666666667,Source-structure density audit; not a time-trend or incidence analysis.
JADER,10,2021・第一,48,1,2.0833333333333335,Source-structure density audit; not a time-trend or incidence analysis.
JADER,11,2021・第一,23,1,4.3478260869565215,Source-structure density audit; not a time-trend or incidence analysis.
JADER,12,2021・第一,17,1,5.882352941176471,Source-structure density audit; not a time-trend or incidence analysis.
JADER,13,2021・第一,15,0,0.0,Source-structure density audit; not a time-trend or incidence analysis.
JADER,14,2021・第一,12,0,0.0,Source-structure density audit; not a time-trend or incidence analysis.
JADER,15,2021・第一,12,0,0.0,Source-structure density audit; not a time-trend or incidence analysis.
JADER,16,2021・第一,9,0,0.0,Source-structure density audit; not a time-trend or incidence analysis.
JADER,17,2021・第一,7,0,0.0,Source-structure density audit; not a time-trend or incidence analysis.
JADER,18,2021・第一,5,0,0.0,Source-structure density audit; not a time-trend or incidence analysis.
JADER,19,2021・第一,3,0,0.0,Source-structure density audit; not a time-trend or incidence analysis.
JADER,20,2021・第一,2,0,0.0,Source-structure density audit; not a time-trend or incidence analysis.
JADER,21,2021・第一,1,0,0.0,Source-structure density audit; not a time-trend or incidence analysis.
JADER,22,2021・第一,1,0,0.0,Source-structure density audit; not a time-trend or incidence analysis.
JADER,25,2021・第一,2,0,0.0,Source-structure density audit; not a time-trend or incidence analysis.
JADER,26,2021・第一,1,0,0.0,Source-structure density audit; not a time-trend or incidence analysis.
JADER,58,2021・第一,1,0,0.0,Source-structure density audit; not a time-trend or incidence analysis.
JADER,01,2021・第三,9083,354,3.8973907299350437,Source-structure density audit; not a time-trend or incidence analysis.
JADER,02,2021・第三,6419,303,4.720361427013554,Source-structure density audit; not a time-trend or incidence analysis.
JADER,03,2021・第三,2683,123,4.584420424897503,Source-structure density audit; not a time-trend or incidence analysis.
JADER,04,2021・第三,1055,25,2.3696682464454977,Source-structure density audit; not a time-trend or incidence analysis.
JADER,05,2021・第三,546,8,1.465201465201465,Source-structure density audit; not a time-trend or incidence analysis.
JADER,06,2021・第三,248,1,0.4032258064516129,Source-structure density audit; not a time-trend or incidence analysis.
JADER,07,2021・第三,154,0,0.0,Source-structure density audit; not a time-trend or incidence analysis.
JADER,08,2021・第三,100,1,1.0,Source-structure density audit; not a time-trend or incidence analysis.
JADER,09,2021・第三,50,0,0.0,Source-structure density audit; not a time-trend or incidence analysis.
JADER,10,2021・第三,32,1,3.125,Source-structure density audit; not a time-trend or incidence analysis.
JADER,11,2021・第三,22,0,0.0,Source-structure density audit; not a time-trend or incidence analysis.
JADER,12,2021・第三,15,0,0.0,Source-structure density audit; not a time-trend or incidence analysis.
JADER,13,2021・第三,10,0,0.0,Source-structure density audit; not a time-trend or incidence analysis.
JADER,14,2021・第三,3,0,0.0,Source-structure density audit; not a time-trend or incidence analysis.
JADER,15,2021・第三,5,0,0.0,Source-structure density audit; not a time-trend or incidence analysis.
JADER,16,2021・第三,10,0,0.0,Source-structure density audit; not a time-trend or incidence analysis.
JADER,17,2021・第三,5,0,0.0,Source-structure density audit; not a time-trend or incidence analysis.
JADER,18,2021・第三,4,0,0.0,Source-structure density audit; not a time-trend or incidence analysis.
JADER,20,2021・第三,1,0,0.0,Source-structure density audit; not a time-trend or incidence analysis.
JADER,22,2021・第三,2,0,0.0,Source-structure density audit; not a time-trend or incidence analysis.
JADER,25,2021・第三,1,0,0.0,Source-structure density audit; not a time-trend or incidence analysis.
JADER,26,2021・第三,1,0,0.0,Source-structure density audit; not a time-trend or incidence analysis.
JADER,29,2021・第三,1,0,0.0,Source-structure density audit; not a time-trend or incidence analysis.
JADER,31,2021・第三,1,0,0.0,Source-structure density audit; not a time-trend or incidence analysis.
JADER,32,2021・第三,2,0,0.0,Source-structure density audit; not a time-trend or incidence analysis.
JADER,01,2021・第二,10454,799,7.643007461258848,Source-structure density audit; not a time-trend or incidence analysis.
JADER,02,2021・第二,7975,743,9.316614420062695,Source-structure density audit; not a time-trend or incidence analysis.
JADER,03,2021・第二,3280,268,8.170731707317072,Source-structure density audit; not a time-trend or incidence analysis.
JADER,04,2021・第二,1256,65,5.17515923566879,Source-structure density audit; not a time-trend or incidence analysis.
JADER,05,2021・第二,499,9,1.8036072144288577,Source-structure density audit; not a time-trend or incidence analysis.
JADER,06,2021・第二,307,6,1.9543973941368078,Source-structure density audit; not a time-trend or incidence analysis.
JADER,07,2021・第二,141,0,0.0,Source-structure density audit; not a time-trend or incidence analysis.
JADER,08,2021・第二,74,0,0.0,Source-structure density audit; not a time-trend or incidence analysis.
JADER,09,2021・第二,49,2,4.081632653061225,Source-structure density audit; not a time-trend or incidence analysis.
JADER,10,2021・第二,33,1,3.0303030303030303,Source-structure density audit; not a time-trend or incidence analysis.
JADER,11,2021・第二,32,0,0.0,Source-structure density audit; not a time-trend or incidence analysis.
JADER,12,2021・第二,16,0,0.0,Source-structure density audit; not a time-trend or incidence analysis.
JADER,13,2021・第二,10,0,0.0,Source-structure density audit; not a time-trend or incidence analysis.
JADER,14,2021・第二,13,0,0.0,Source-structure density audit; not a time-trend or incidence analysis.
JADER,15,2021・第二,3,0,0.0,Source-structure density audit; not a time-trend or incidence analysis.
JADER,16,2021・第二,8,0,0.0,Source-structure density audit; not a time-trend or incidence analysis.
JADER,17,2021・第二,5,0,0.0,Source-structure density audit; not a time-trend or incidence analysis.
JADER,18,2021・第二,2,0,0.0,Source-structure density audit; not a time-trend or incidence analysis.
JADER,19,2021・第二,1,0,0.0,Source-structure density audit; not a time-trend or incidence analysis.
JADER,21,2021・第二,2,0,0.0,Source-structure density audit; not a time-trend or incidence analysis.
JADER,22,2021・第二,1,0,0.0,Source-structure density audit; not a time-trend or incidence analysis.
JADER,23,2021・第二,2,0,0.0,Source-structure density audit; not a time-trend or incidence analysis.
JADER,24,2021・第二,1,0,0.0,Source-structure density audit; not a time-trend or incidence analysis.
JADER,25,2021・第二,1,0,0.0,Source-structure density audit; not a time-trend or incidence analysis.
JADER,26,2021・第二,2,0,0.0,Source-structure density audit; not a time-trend or incidence analysis.
JADER,31,2021・第二,1,0,0.0,Source-structure density audit; not a time-trend or incidence analysis.
JADER,32,2021・第二,2,0,0.0,Source-structure density audit; not a time-trend or incidence analysis.
JADER,36,2021・第二,1,0,0.0,Source-structure density audit; not a time-trend or incidence analysis.
JADER,01,2021・第四,7107,165,2.321654706627269,Source-structure density audit; not a time-trend or incidence analysis.
JADER,02,2021・第四,5185,157,3.0279652844744454,Source-structure density audit; not a time-trend or incidence analysis.
JADER,03,2021・第四,2387,94,3.937997486384583,Source-structure density audit; not a time-trend or incidence analysis.
JADER,04,2021・第四,970,26,2.6804123711340204,Source-structure density audit; not a time-trend or incidence analysis.
JADER,05,2021・第四,456,5,1.0964912280701755,Source-structure density audit; not a time-trend or incidence analysis.
JADER,06,2021・第四,267,2,0.7490636704119851,Source-structure density audit; not a time-trend or incidence analysis.
JADER,07,2021・第四,166,1,0.6024096385542169,Source-structure density audit; not a time-trend or incidence analysis.
JADER,08,2021・第四,88,1,1.1363636363636365,Source-structure density audit; not a time-trend or incidence analysis.
JADER,09,2021・第四,73,1,1.36986301369863,Source-structure density audit; not a time-trend or incidence analysis.
JADER,10,2021・第四,48,1,2.0833333333333335,Source-structure density audit; not a time-trend or incidence analysis.
JADER,11,2021・第四,34,0,0.0,Source-structure density audit; not a time-trend or incidence analysis.
JADER,12,2021・第四,23,0,0.0,Source-structure density audit; not a time-trend or incidence analysis.
JADER,13,2021・第四,23,0,0.0,Source-structure density audit; not a time-trend or incidence analysis.
JADER,14,2021・第四,6,0,0.0,Source-structure density audit; not a time-trend or incidence analysis.
JADER,15,2021・第四,9,0,0.0,Source-structure density audit; not a time-trend or incidence analysis.
JADER,16,2021・第四,11,0,0.0,Source-structure density audit; not a time-trend or incidence analysis.
JADER,17,2021・第四,3,0,0.0,Source-structure density audit; not a time-trend or incidence analysis.
JADER,18,2021・第四,5,0,0.0,Source-structure density audit; not a time-trend or incidence analysis.
JADER,19,2021・第四,2,0,0.0,Source-structure density audit; not a time-trend or incidence analysis.
JADER,20,2021・第四,1,0,0.0,Source-structure density audit; not a time-trend or incidence analysis.
JADER,21,2021・第四,1,0,0.0,Source-structure density audit; not a time-trend or incidence analysis.
JADER,22,2021・第四,1,0,0.0,Source-structure density audit; not a time-trend or incidence analysis.
JADER,23,2021・第四,2,0,0.0,Source-structure density audit; not a time-trend or incidence analysis.
JADER,24,2021・第四,2,0,0.0,Source-structure density audit; not a time-trend or incidence analysis.
JADER,26,2021・第四,1,0,0.0,Source-structure density audit; not a time-trend or incidence analysis.
JADER,27,2021・第四,2,0,0.0,Source-structure density audit; not a time-trend or incidence analysis.
JADER,28,2021・第四,1,0,0.0,Source-structure density audit; not a time-trend or incidence analysis.
JADER,41,2021・第四,1,0,0.0,Source-structure density audit; not a time-trend or incidence analysis.
JADER,82,2021・第四,1,0,0.0,Source-structure density audit; not a time-trend or incidence analysis.
JADER,01,2022・第一,7744,214,2.7634297520661155,Source-structure density audit; not a time-trend or incidence analysis.
JADER,02,2022・第一,5262,96,1.8244013683010263,Source-structure density audit; not a time-trend or incidence analysis.
JADER,03,2022・第一,2399,82,3.418090871196332,Source-structure density audit; not a time-trend or incidence analysis.
JADER,04,2022・第一,962,28,2.9106029106029108,Source-structure density audit; not a time-trend or incidence analysis.
JADER,05,2022・第一,415,10,2.4096385542168677,Source-structure density audit; not a time-trend or incidence analysis.
JADER,06,2022・第一,254,4,1.5748031496062993,Source-structure density audit; not a time-trend or incidence analysis.
JADER,07,2022・第一,140,1,0.7142857142857143,Source-structure density audit; not a time-trend or incidence analysis.
JADER,08,2022・第一,97,0,0.0,Source-structure density audit; not a time-trend or incidence analysis.
JADER,09,2022・第一,51,0,0.0,Source-structure density audit; not a time-trend or incidence analysis.
JADER,10,2022・第一,45,0,0.0,Source-structure density audit; not a time-trend or incidence analysis.
JADER,11,2022・第一,24,0,0.0,Source-structure density audit; not a time-trend or incidence analysis.
JADER,12,2022・第一,16,0,0.0,Source-structure density audit; not a time-trend or incidence analysis.
JADER,13,2022・第一,13,0,0.0,Source-structure density audit; not a time-trend or incidence analysis.
JADER,14,2022・第一,12,0,0.0,Source-structure density audit; not a time-trend or incidence analysis.
JADER,15,2022・第一,8,0,0.0,Source-structure density audit; not a time-trend or incidence analysis.
JADER,16,2022・第一,3,0,0.0,Source-structure density audit; not a time-trend or incidence analysis.
JADER,17,2022・第一,3,0,0.0,Source-structure density audit; not a time-trend or incidence analysis.
JADER,18,2022・第一,2,0,0.0,Source-structure density audit; not a time-trend or incidence analysis.
JADER,19,2022・第一,2,0,0.0,Source-structure density audit; not a time-trend or incidence analysis.
JADER,20,2022・第一,1,0,0.0,Source-structure density audit; not a time-trend or incidence analysis.
JADER,21,2022・第一,1,0,0.0,Source-structure density audit; not a time-trend or incidence analysis.
JADER,23,2022・第一,1,0,0.0,Source-structure density audit; not a time-trend or incidence analysis.
JADER,24,2022・第一,1,0,0.0,Source-structure density audit; not a time-trend or incidence analysis.
JADER,27,2022・第一,2,0,0.0,Source-structure density audit; not a time-trend or incidence analysis.
JADER,34,2022・第一,1,0,0.0,Source-structure density audit; not a time-trend or incidence analysis.
JADER,41,2022・第一,1,0,0.0,Source-structure density audit; not a time-trend or incidence analysis.
JADER,43,2022・第一,1,0,0.0,Source-structure density audit; not a time-trend or incidence analysis.
JADER,45,2022・第一,1,0,0.0,Source-structure density audit; not a time-trend or incidence analysis.
JADER,50,2022・第一,1,0,0.0,Source-structure density audit; not a time-trend or incidence analysis.
JADER,01,2022・第三,9049,179,1.9781191291855453,Source-structure density audit; not a time-trend or incidence analysis.
JADER,02,2022・第三,5294,155,2.927842840952021,Source-structure density audit; not a time-trend or incidence analysis.
JADER,03,2022・第三,2429,97,3.9934129271305063,Source-structure density audit; not a time-trend or incidence analysis.
JADER,04,2022・第三,960,31,3.2291666666666665,Source-structure density audit; not a time-trend or incidence analysis.
JADER,05,2022・第三,436,8,1.834862385321101,Source-structure density audit; not a time-trend or incidence analysis.
JADER,06,2022・第三,252,2,0.7936507936507936,Source-structure density audit; not a time-trend or incidence analysis.
JADER,07,2022・第三,116,1,0.8620689655172413,Source-structure density audit; not a time-trend or incidence analysis.
JADER,08,2022・第三,71,0,0.0,Source-structure density audit; not a time-trend or incidence analysis.
JADER,09,2022・第三,45,0,0.0,Source-structure density audit; not a time-trend or incidence analysis.
JADER,10,2022・第三,27,0,0.0,Source-structure density audit; not a time-trend or incidence analysis.
JADER,11,2022・第三,11,0,0.0,Source-structure density audit; not a time-trend or incidence analysis.
JADER,12,2022・第三,12,0,0.0,Source-structure density audit; not a time-trend or incidence analysis.
JADER,13,2022・第三,7,0,0.0,Source-structure density audit; not a time-trend or incidence analysis.
JADER,14,2022・第三,6,0,0.0,Source-structure density audit; not a time-trend or incidence analysis.
JADER,15,2022・第三,1,0,0.0,Source-structure density audit; not a time-trend or incidence analysis.
JADER,16,2022・第三,6,0,0.0,Source-structure density audit; not a time-trend or incidence analysis.
JADER,17,2022・第三,2,0,0.0,Source-structure density audit; not a time-trend or incidence analysis.
JADER,19,2022・第三,3,0,0.0,Source-structure density audit; not a time-trend or incidence analysis.
JADER,20,2022・第三,1,0,0.0,Source-structure density audit; not a time-trend or incidence analysis.
JADER,22,2022・第三,1,0,0.0,Source-structure density audit; not a time-trend or incidence analysis.
JADER,27,2022・第三,1,0,0.0,Source-structure density audit; not a time-trend or incidence analysis.
JADER,01,2022・第二,8474,152,1.7937219730941705,Source-structure density audit; not a time-trend or incidence analysis.
JADER,02,2022・第二,5201,141,2.711017112093828,Source-structure density audit; not a time-trend or incidence analysis.
JADER,03,2022・第二,2256,98,4.343971631205674,Source-structure density audit; not a time-trend or incidence analysis.
JADER,04,2022・第二,942,24,2.5477707006369426,Source-structure density audit; not a time-trend or incidence analysis.
JADER,05,2022・第二,417,5,1.1990407673860912,Source-structure density audit; not a time-trend or incidence analysis.
JADER,06,2022・第二,220,3,1.3636363636363635,Source-structure density audit; not a time-trend or incidence analysis.
JADER,07,2022・第二,123,0,0.0,Source-structure density audit; not a time-trend or incidence analysis.
JADER,08,2022・第二,79,1,1.2658227848101267,Source-structure density audit; not a time-trend or incidence analysis.
JADER,09,2022・第二,51,0,0.0,Source-structure density audit; not a time-trend or incidence analysis.
JADER,10,2022・第二,40,0,0.0,Source-structure density audit; not a time-trend or incidence analysis.
JADER,11,2022・第二,17,0,0.0,Source-structure density audit; not a time-trend or incidence analysis.
JADER,12,2022・第二,14,0,0.0,Source-structure density audit; not a time-trend or incidence analysis.
JADER,13,2022・第二,13,0,0.0,Source-structure density audit; not a time-trend or incidence analysis.
JADER,14,2022・第二,4,0,0.0,Source-structure density audit; not a time-trend or incidence analysis.
JADER,15,2022・第二,3,0,0.0,Source-structure density audit; not a time-trend or incidence analysis.
JADER,16,2022・第二,3,0,0.0,Source-structure density audit; not a time-trend or incidence analysis.
JADER,17,2022・第二,1,0,0.0,Source-structure density audit; not a time-trend or incidence analysis.
JADER,18,2022・第二,1,0,0.0,Source-structure density audit; not a time-trend or incidence analysis.
JADER,19,2022・第二,2,0,0.0,Source-structure density audit; not a time-trend or incidence analysis.
JADER,20,2022・第二,2,0,0.0,Source-structure density audit; not a time-trend or incidence analysis.
JADER,26,2022・第二,1,0,0.0,Source-structure density audit; not a time-trend or incidence analysis.
JADER,34,2022・第二,1,0,0.0,Source-structure density audit; not a time-trend or incidence analysis.
JADER,01,2022・第四,7850,164,2.089171974522293,Source-structure density audit; not a time-trend or incidence analysis.
JADER,02,2022・第四,4592,112,2.4390243902439024,Source-structure density audit; not a time-trend or incidence analysis.
JADER,03,2022・第四,2214,79,3.5682023486901535,Source-structure density audit; not a time-trend or incidence analysis.
JADER,04,2022・第四,961,25,2.6014568158168574,Source-structure density audit; not a time-trend or incidence analysis.
JADER,05,2022・第四,402,8,1.9900497512437811,Source-structure density audit; not a time-trend or incidence analysis.
JADER,06,2022・第四,227,4,1.7621145374449338,Source-structure density audit; not a time-trend or incidence analysis.
JADER,07,2022・第四,112,0,0.0,Source-structure density audit; not a time-trend or incidence analysis.
JADER,08,2022・第四,76,1,1.3157894736842106,Source-structure density audit; not a time-trend or incidence analysis.
JADER,09,2022・第四,35,0,0.0,Source-structure density audit; not a time-trend or incidence analysis.
JADER,10,2022・第四,26,0,0.0,Source-structure density audit; not a time-trend or incidence analysis.
JADER,11,2022・第四,13,0,0.0,Source-structure density audit; not a time-trend or incidence analysis.
JADER,12,2022・第四,10,0,0.0,Source-structure density audit; not a time-trend or incidence analysis.
JADER,13,2022・第四,3,0,0.0,Source-structure density audit; not a time-trend or incidence analysis.
JADER,14,2022・第四,7,0,0.0,Source-structure density audit; not a time-trend or incidence analysis.
JADER,15,2022・第四,1,0,0.0,Source-structure density audit; not a time-trend or incidence analysis.
JADER,16,2022・第四,2,0,0.0,Source-structure density audit; not a time-trend or incidence analysis.
JADER,17,2022・第四,2,0,0.0,Source-structure density audit; not a time-trend or incidence analysis.
JADER,18,2022・第四,2,0,0.0,Source-structure density audit; not a time-trend or incidence analysis.
JADER,21,2022・第四,1,0,0.0,Source-structure density audit; not a time-trend or incidence analysis.
JADER,24,2022・第四,1,0,0.0,Source-structure density audit; not a time-trend or incidence analysis.
JADER,01,2023・第一,7528,181,2.404357066950053,Source-structure density audit; not a time-trend or incidence analysis.
JADER,02,2023・第一,4651,106,2.2790797677918726,Source-structure density audit; not a time-trend or incidence analysis.
JADER,03,2023・第一,2219,86,3.875619648490311,Source-structure density audit; not a time-trend or incidence analysis.
JADER,04,2023・第一,859,16,1.8626309662398137,Source-structure density audit; not a time-trend or incidence analysis.
JADER,05,2023・第一,397,3,0.7556675062972292,Source-structure density audit; not a time-trend or incidence analysis.
JADER,06,2023・第一,207,1,0.4830917874396135,Source-structure density audit; not a time-trend or incidence analysis.
JADER,07,2023・第一,117,2,1.7094017094017093,Source-structure density audit; not a time-trend or incidence analysis.
JADER,08,2023・第一,87,0,0.0,Source-structure density audit; not a time-trend or incidence analysis.
JADER,09,2023・第一,39,0,0.0,Source-structure density audit; not a time-trend or incidence analysis.
JADER,10,2023・第一,26,1,3.8461538461538463,Source-structure density audit; not a time-trend or incidence analysis.
JADER,11,2023・第一,19,0,0.0,Source-structure density audit; not a time-trend or incidence analysis.
JADER,12,2023・第一,10,0,0.0,Source-structure density audit; not a time-trend or incidence analysis.
JADER,13,2023・第一,7,0,0.0,Source-structure density audit; not a time-trend or incidence analysis.
JADER,14,2023・第一,6,0,0.0,Source-structure density audit; not a time-trend or incidence analysis.
JADER,15,2023・第一,5,0,0.0,Source-structure density audit; not a time-trend or incidence analysis.
JADER,16,2023・第一,4,0,0.0,Source-structure density audit; not a time-trend or incidence analysis.
JADER,17,2023・第一,1,0,0.0,Source-structure density audit; not a time-trend or incidence analysis.
JADER,18,2023・第一,3,0,0.0,Source-structure density audit; not a time-trend or incidence analysis.
JADER,20,2023・第一,1,0,0.0,Source-structure density audit; not a time-trend or incidence analysis.
JADER,21,2023・第一,2,0,0.0,Source-structure density audit; not a time-trend or incidence analysis.
JADER,22,2023・第一,1,0,0.0,Source-structure density audit; not a time-trend or incidence analysis.
JADER,23,2023・第一,2,0,0.0,Source-structure density audit; not a time-trend or incidence analysis.
JADER,01,2023・第三,8828,205,2.322156773901223,Source-structure density audit; not a time-trend or incidence analysis.
JADER,02,2023・第三,5192,136,2.6194144838212634,Source-structure density audit; not a time-trend or incidence analysis.
JADER,03,2023・第三,2280,103,4.517543859649122,Source-structure density audit; not a time-trend or incidence analysis.
JADER,04,2023・第三,942,23,2.4416135881104033,Source-structure density audit; not a time-trend or incidence analysis.
JADER,05,2023・第三,375,8,2.1333333333333333,Source-structure density audit; not a time-trend or incidence analysis.
JADER,06,2023・第三,195,4,2.051282051282051,Source-structure density audit; not a time-trend or incidence analysis.
JADER,07,2023・第三,117,2,1.7094017094017093,Source-structure density audit; not a time-trend or incidence analysis.
JADER,08,2023・第三,64,0,0.0,Source-structure density audit; not a time-trend or incidence analysis.
JADER,09,2023・第三,39,0,0.0,Source-structure density audit; not a time-trend or incidence analysis.
JADER,10,2023・第三,18,0,0.0,Source-structure density audit; not a time-trend or incidence analysis.
JADER,11,2023・第三,9,0,0.0,Source-structure density audit; not a time-trend or incidence analysis.
JADER,12,2023・第三,12,0,0.0,Source-structure density audit; not a time-trend or incidence analysis.
JADER,13,2023・第三,11,0,0.0,Source-structure density audit; not a time-trend or incidence analysis.
JADER,14,2023・第三,4,0,0.0,Source-structure density audit; not a time-trend or incidence analysis.
JADER,15,2023・第三,3,0,0.0,Source-structure density audit; not a time-trend or incidence analysis.
JADER,16,2023・第三,2,0,0.0,Source-structure density audit; not a time-trend or incidence analysis.
JADER,17,2023・第三,1,0,0.0,Source-structure density audit; not a time-trend or incidence analysis.
JADER,21,2023・第三,1,0,0.0,Source-structure density audit; not a time-trend or incidence analysis.
JADER,34,2023・第三,1,0,0.0,Source-structure density audit; not a time-trend or incidence analysis.
JADER,01,2023・第二,7495,198,2.6417611741160774,Source-structure density audit; not a time-trend or incidence analysis.
JADER,02,2023・第二,4615,114,2.470205850487541,Source-structure density audit; not a time-trend or incidence analysis.
JADER,03,2023・第二,2208,73,3.306159420289855,Source-structure density audit; not a time-trend or incidence analysis.
JADER,04,2023・第二,899,20,2.2246941045606228,Source-structure density audit; not a time-trend or incidence analysis.
JADER,05,2023・第二,405,4,0.9876543209876543,Source-structure density audit; not a time-trend or incidence analysis.
JADER,06,2023・第二,189,2,1.0582010582010581,Source-structure density audit; not a time-trend or incidence analysis.
JADER,07,2023・第二,108,0,0.0,Source-structure density audit; not a time-trend or incidence analysis.
JADER,08,2023・第二,53,0,0.0,Source-structure density audit; not a time-trend or incidence analysis.
JADER,09,2023・第二,39,0,0.0,Source-structure density audit; not a time-trend or incidence analysis.
JADER,10,2023・第二,20,0,0.0,Source-structure density audit; not a time-trend or incidence analysis.
JADER,11,2023・第二,21,0,0.0,Source-structure density audit; not a time-trend or incidence analysis.
JADER,12,2023・第二,14,0,0.0,Source-structure density audit; not a time-trend or incidence analysis.
JADER,13,2023・第二,4,0,0.0,Source-structure density audit; not a time-trend or incidence analysis.
JADER,14,2023・第二,3,0,0.0,Source-structure density audit; not a time-trend or incidence analysis.
JADER,15,2023・第二,3,0,0.0,Source-structure density audit; not a time-trend or incidence analysis.
JADER,16,2023・第二,1,0,0.0,Source-structure density audit; not a time-trend or incidence analysis.
JADER,17,2023・第二,1,0,0.0,Source-structure density audit; not a time-trend or incidence analysis.
JADER,18,2023・第二,1,0,0.0,Source-structure density audit; not a time-trend or incidence analysis.
JADER,19,2023・第二,1,0,0.0,Source-structure density audit; not a time-trend or incidence analysis.
JADER,21,2023・第二,3,0,0.0,Source-structure density audit; not a time-trend or incidence analysis.
JADER,22,2023・第二,1,0,0.0,Source-structure density audit; not a time-trend or incidence analysis.
JADER,36,2023・第二,1,0,0.0,Source-structure density audit; not a time-trend or incidence analysis.
JADER,01,2023・第四,7065,135,1.910828025477707,Source-structure density audit; not a time-trend or incidence analysis.
JADER,02,2023・第四,4339,103,2.3738188522701082,Source-structure density audit; not a time-trend or incidence analysis.
JADER,03,2023・第四,1949,75,3.8481272447408927,Source-structure density audit; not a time-trend or incidence analysis.
JADER,04,2023・第四,841,29,3.4482758620689653,Source-structure density audit; not a time-trend or incidence analysis.
JADER,05,2023・第四,297,2,0.6734006734006734,Source-structure density audit; not a time-trend or incidence analysis.
JADER,06,2023・第四,157,2,1.2738853503184713,Source-structure density audit; not a time-trend or incidence analysis.
JADER,07,2023・第四,74,0,0.0,Source-structure density audit; not a time-trend or incidence analysis.
JADER,08,2023・第四,49,1,2.0408163265306123,Source-structure density audit; not a time-trend or incidence analysis.
JADER,09,2023・第四,32,0,0.0,Source-structure density audit; not a time-trend or incidence analysis.
JADER,10,2023・第四,16,0,0.0,Source-structure density audit; not a time-trend or incidence analysis.
JADER,11,2023・第四,13,0,0.0,Source-structure density audit; not a time-trend or incidence analysis.
JADER,12,2023・第四,6,0,0.0,Source-structure density audit; not a time-trend or incidence analysis.
JADER,13,2023・第四,2,0,0.0,Source-structure density audit; not a time-trend or incidence analysis.
JADER,14,2023・第四,3,0,0.0,Source-structure density audit; not a time-trend or incidence analysis.
JADER,16,2023・第四,3,0,0.0,Source-structure density audit; not a time-trend or incidence analysis.
JADER,17,2023・第四,3,0,0.0,Source-structure density audit; not a time-trend or incidence analysis.
JADER,18,2023・第四,1,0,0.0,Source-structure density audit; not a time-trend or incidence analysis.
JADER,20,2023・第四,1,0,0.0,Source-structure density audit; not a time-trend or incidence analysis.
JADER,22,2023・第四,1,0,0.0,Source-structure density audit; not a time-trend or incidence analysis.
JADER,01,2024・第一,8037,192,2.388951101157148,Source-structure density audit; not a time-trend or incidence analysis.
JADER,02,2024・第一,4501,114,2.5327704954454564,Source-structure density audit; not a time-trend or incidence analysis.
JADER,03,2024・第一,2062,77,3.734238603297769,Source-structure density audit; not a time-trend or incidence analysis.
JADER,04,2024・第一,800,13,1.625,Source-structure density audit; not a time-trend or incidence analysis.
JADER,05,2024・第一,294,5,1.7006802721088434,Source-structure density audit; not a time-trend or incidence analysis.
JADER,06,2024・第一,161,6,3.7267080745341614,Source-structure density audit; not a time-trend or incidence analysis.
JADER,07,2024・第一,74,0,0.0,Source-structure density audit; not a time-trend or incidence analysis.
JADER,08,2024・第一,50,0,0.0,Source-structure density audit; not a time-trend or incidence analysis.
JADER,09,2024・第一,26,0,0.0,Source-structure density audit; not a time-trend or incidence analysis.
JADER,10,2024・第一,17,1,5.882352941176471,Source-structure density audit; not a time-trend or incidence analysis.
JADER,11,2024・第一,10,0,0.0,Source-structure density audit; not a time-trend or incidence analysis.
JADER,12,2024・第一,12,0,0.0,Source-structure density audit; not a time-trend or incidence analysis.
JADER,13,2024・第一,2,0,0.0,Source-structure density audit; not a time-trend or incidence analysis.
JADER,14,2024・第一,3,0,0.0,Source-structure density audit; not a time-trend or incidence analysis.
JADER,15,2024・第一,2,0,0.0,Source-structure density audit; not a time-trend or incidence analysis.
JADER,16,2024・第一,3,0,0.0,Source-structure density audit; not a time-trend or incidence analysis.
JADER,17,2024・第一,1,0,0.0,Source-structure density audit; not a time-trend or incidence analysis.
JADER,19,2024・第一,1,0,0.0,Source-structure density audit; not a time-trend or incidence analysis.
JADER,20,2024・第一,3,0,0.0,Source-structure density audit; not a time-trend or incidence analysis.
JADER,22,2024・第一,1,0,0.0,Source-structure density audit; not a time-trend or incidence analysis.
JADER,23,2024・第一,1,0,0.0,Source-structure density audit; not a time-trend or incidence analysis.
JADER,01,2024・第三,9281,201,2.165714901411486,Source-structure density audit; not a time-trend or incidence analysis.
JADER,02,2024・第三,5559,137,2.464472027343047,Source-structure density audit; not a time-trend or incidence analysis.
JADER,03,2024・第三,2479,104,4.195240016135538,Source-structure density audit; not a time-trend or incidence analysis.
JADER,04,2024・第三,849,16,1.8845700824499412,Source-structure density audit; not a time-trend or incidence analysis.
JADER,05,2024・第三,308,3,0.974025974025974,Source-structure density audit; not a time-trend or incidence analysis.
JADER,06,2024・第三,152,3,1.9736842105263157,Source-structure density audit; not a time-trend or incidence analysis.
JADER,07,2024・第三,74,1,1.3513513513513513,Source-structure density audit; not a time-trend or incidence analysis.
JADER,08,2024・第三,43,0,0.0,Source-structure density audit; not a time-trend or incidence analysis.
JADER,09,2024・第三,14,0,0.0,Source-structure density audit; not a time-trend or incidence analysis.
JADER,10,2024・第三,13,1,7.6923076923076925,Source-structure density audit; not a time-trend or incidence analysis.
JADER,11,2024・第三,7,0,0.0,Source-structure density audit; not a time-trend or incidence analysis.
JADER,12,2024・第三,2,0,0.0,Source-structure density audit; not a time-trend or incidence analysis.
JADER,13,2024・第三,3,0,0.0,Source-structure density audit; not a time-trend or incidence analysis.
JADER,14,2024・第三,4,0,0.0,Source-structure density audit; not a time-trend or incidence analysis.
JADER,16,2024・第三,1,0,0.0,Source-structure density audit; not a time-trend or incidence analysis.
JADER,17,2024・第三,1,0,0.0,Source-structure density audit; not a time-trend or incidence analysis.
JADER,01,2024・第二,8498,198,2.3299599905860204,Source-structure density audit; not a time-trend or incidence analysis.
JADER,02,2024・第二,4455,100,2.244668911335578,Source-structure density audit; not a time-trend or incidence analysis.
JADER,03,2024・第二,2021,85,4.205838693715982,Source-structure density audit; not a time-trend or incidence analysis.
JADER,04,2024・第二,776,24,3.0927835051546393,Source-structure density audit; not a time-trend or incidence analysis.
JADER,05,2024・第二,301,3,0.9966777408637874,Source-structure density audit; not a time-trend or incidence analysis.
JADER,06,2024・第二,130,0,0.0,Source-structure density audit; not a time-trend or incidence analysis.
JADER,07,2024・第二,73,1,1.36986301369863,Source-structure density audit; not a time-trend or incidence analysis.
JADER,08,2024・第二,50,0,0.0,Source-structure density audit; not a time-trend or incidence analysis.
JADER,09,2024・第二,25,0,0.0,Source-structure density audit; not a time-trend or incidence analysis.
JADER,10,2024・第二,16,0,0.0,Source-structure density audit; not a time-trend or incidence analysis.
JADER,11,2024・第二,8,0,0.0,Source-structure density audit; not a time-trend or incidence analysis.
JADER,12,2024・第二,8,0,0.0,Source-structure density audit; not a time-trend or incidence analysis.
JADER,13,2024・第二,6,0,0.0,Source-structure density audit; not a time-trend or incidence analysis.
JADER,14,2024・第二,2,0,0.0,Source-structure density audit; not a time-trend or incidence analysis.
JADER,15,2024・第二,2,0,0.0,Source-structure density audit; not a time-trend or incidence analysis.
JADER,16,2024・第二,1,0,0.0,Source-structure density audit; not a time-trend or incidence analysis.
JADER,21,2024・第二,1,0,0.0,Source-structure density audit; not a time-trend or incidence analysis.
JADER,01,2024・第四,7757,148,1.9079541059688023,Source-structure density audit; not a time-trend or incidence analysis.
JADER,02,2024・第四,4268,77,1.8041237113402062,Source-structure density audit; not a time-trend or incidence analysis.
JADER,03,2024・第四,1942,80,4.11946446961895,Source-structure density audit; not a time-trend or incidence analysis.
JADER,04,2024・第四,657,20,3.0441400304414,Source-structure density audit; not a time-trend or incidence analysis.
JADER,05,2024・第四,258,2,0.7751937984496124,Source-structure density audit; not a time-trend or incidence analysis.
JADER,06,2024・第四,87,0,0.0,Source-structure density audit; not a time-trend or incidence analysis.
JADER,07,2024・第四,40,2,5.0,Source-structure density audit; not a time-trend or incidence analysis.
JADER,08,2024・第四,25,0,0.0,Source-structure density audit; not a time-trend or incidence analysis.
JADER,09,2024・第四,13,0,0.0,Source-structure density audit; not a time-trend or incidence analysis.
JADER,10,2024・第四,4,0,0.0,Source-structure density audit; not a time-trend or incidence analysis.
JADER,11,2024・第四,3,0,0.0,Source-structure density audit; not a time-trend or incidence analysis.
JADER,12,2024・第四,2,0,0.0,Source-structure density audit; not a time-trend or incidence analysis.
JADER,01,2025・第一,9084,190,2.0915896081021574,Source-structure density audit; not a time-trend or incidence analysis.
JADER,02,2025・第一,4566,105,2.299605781865966,Source-structure density audit; not a time-trend or incidence analysis.
JADER,03,2025・第一,1903,109,5.727798213347346,Source-structure density audit; not a time-trend or incidence analysis.
JADER,04,2025・第一,630,33,5.238095238095238,Source-structure density audit; not a time-trend or incidence analysis.
JADER,05,2025・第一,220,8,3.6363636363636362,Source-structure density audit; not a time-trend or incidence analysis.
JADER,06,2025・第一,68,1,1.4705882352941178,Source-structure density audit; not a time-trend or incidence analysis.
JADER,07,2025・第一,23,2,8.695652173913043,Source-structure density audit; not a time-trend or incidence analysis.
JADER,08,2025・第一,17,0,0.0,Source-structure density audit; not a time-trend or incidence analysis.
JADER,09,2025・第一,4,0,0.0,Source-structure density audit; not a time-trend or incidence analysis.
JADER,10,2025・第一,4,0,0.0,Source-structure density audit; not a time-trend or incidence analysis.
JADER,11,2025・第一,3,0,0.0,Source-structure density audit; not a time-trend or incidence analysis.
JADER,12,2025・第一,1,0,0.0,Source-structure density audit; not a time-trend or incidence analysis.
JADER,13,2025・第一,1,0,0.0,Source-structure density audit; not a time-trend or incidence analysis.
JADER,01,2025・第二,3998,82,2.0510255127563783,Source-structure density audit; not a time-trend or incidence analysis.
JADER,02,2025・第二,1767,28,1.5846066779852859,Source-structure density audit; not a time-trend or incidence analysis.
JADER,03,2025・第二,544,31,5.698529411764706,Source-structure density audit; not a time-trend or incidence analysis.
JADER,04,2025・第二,171,7,4.093567251461988,Source-structure density audit; not a time-trend or incidence analysis.
JADER,05,2025・第二,33,0,0.0,Source-structure density audit; not a time-trend or incidence analysis.
JADER,06,2025・第二,16,0,0.0,Source-structure density audit; not a time-trend or incidence analysis.
JADER,07,2025・第二,4,0,0.0,Source-structure density audit; not a time-trend or incidence analysis.
JADER,08,2025・第二,3,0,0.0,Source-structure density audit; not a time-trend or incidence analysis.
JADER,11,2025・第二,1,0,0.0,Source-structure density audit; not a time-trend or incidence analysis.
